-- ============================================================
-- PACÍFICO REPUESTOS - Datos reales de producción
-- Migrados desde SQL Server local (pacifico_db) a PostgreSQL
-- Generado automáticamente a partir de la base de datos real
-- PostgreSQL
-- ============================================================
-- Este script inserta los datos REALES (188 productos, marcas,
-- modelos, generaciones, motores, categorias, inventario,
-- imagenes_producto y compatibilidades) preservando los IDs
-- originales de SQL Server para mantener la integridad de las
-- llaves foraneas. Reemplaza a 02_seed_data.sql para produccion.
--
-- Orden de ejecucion: despues de 01_ddl_create.sql
-- (respeta el orden de dependencias por llave foranea)
-- ============================================================

-- ===== MARCAS =====
INSERT INTO marcas (id, nombre, logo_url, activo) OVERRIDING SYSTEM VALUE VALUES (1, 'Toyota', NULL, true);
INSERT INTO marcas (id, nombre, logo_url, activo) OVERRIDING SYSTEM VALUE VALUES (2, 'Nissan', NULL, true);
INSERT INTO marcas (id, nombre, logo_url, activo) OVERRIDING SYSTEM VALUE VALUES (3, 'Hyundai', NULL, true);
INSERT INTO marcas (id, nombre, logo_url, activo) OVERRIDING SYSTEM VALUE VALUES (4, 'Kia', NULL, true);
INSERT INTO marcas (id, nombre, logo_url, activo) OVERRIDING SYSTEM VALUE VALUES (5, 'Chevrolet', NULL, true);
INSERT INTO marcas (id, nombre, logo_url, activo) OVERRIDING SYSTEM VALUE VALUES (6, 'Ford', NULL, true);
INSERT INTO marcas (id, nombre, logo_url, activo) OVERRIDING SYSTEM VALUE VALUES (7, 'Mitsubishi', NULL, true);
INSERT INTO marcas (id, nombre, logo_url, activo) OVERRIDING SYSTEM VALUE VALUES (8, 'Suzuki', NULL, true);
INSERT INTO marcas (id, nombre, logo_url, activo) OVERRIDING SYSTEM VALUE VALUES (9, 'Honda', NULL, true);
INSERT INTO marcas (id, nombre, logo_url, activo) OVERRIDING SYSTEM VALUE VALUES (10, 'Mazda', NULL, true);
-- ===== MODELOS =====
INSERT INTO modelos (id, nombre, marca_id, activo) OVERRIDING SYSTEM VALUE VALUES (1, 'Hilux', 1, true);
INSERT INTO modelos (id, nombre, marca_id, activo) OVERRIDING SYSTEM VALUE VALUES (2, 'Corolla', 1, true);
INSERT INTO modelos (id, nombre, marca_id, activo) OVERRIDING SYSTEM VALUE VALUES (3, 'RAV4', 1, true);
INSERT INTO modelos (id, nombre, marca_id, activo) OVERRIDING SYSTEM VALUE VALUES (4, 'Yaris', 1, true);
INSERT INTO modelos (id, nombre, marca_id, activo) OVERRIDING SYSTEM VALUE VALUES (5, 'Fortuner', 1, true);
INSERT INTO modelos (id, nombre, marca_id, activo) OVERRIDING SYSTEM VALUE VALUES (6, 'Land Cruiser', 1, true);
INSERT INTO modelos (id, nombre, marca_id, activo) OVERRIDING SYSTEM VALUE VALUES (7, 'Frontier', 2, true);
INSERT INTO modelos (id, nombre, marca_id, activo) OVERRIDING SYSTEM VALUE VALUES (8, 'Sentra', 2, true);
INSERT INTO modelos (id, nombre, marca_id, activo) OVERRIDING SYSTEM VALUE VALUES (9, 'X-Trail', 2, true);
INSERT INTO modelos (id, nombre, marca_id, activo) OVERRIDING SYSTEM VALUE VALUES (10, 'Versa', 2, true);
INSERT INTO modelos (id, nombre, marca_id, activo) OVERRIDING SYSTEM VALUE VALUES (11, 'Tucson', 3, true);
INSERT INTO modelos (id, nombre, marca_id, activo) OVERRIDING SYSTEM VALUE VALUES (12, 'Santa Fe', 3, true);
INSERT INTO modelos (id, nombre, marca_id, activo) OVERRIDING SYSTEM VALUE VALUES (13, 'Accent', 3, true);
INSERT INTO modelos (id, nombre, marca_id, activo) OVERRIDING SYSTEM VALUE VALUES (14, 'Elantra', 3, true);
-- ===== GENERACIONES =====
INSERT INTO generaciones (id, nombre, anio_inicio, anio_fin, modelo_id) OVERRIDING SYSTEM VALUE VALUES (1, 'Hilux N80 (8va gen)', 2015, 2023, 1);
INSERT INTO generaciones (id, nombre, anio_inicio, anio_fin, modelo_id) OVERRIDING SYSTEM VALUE VALUES (2, 'Hilux N70 (7ma gen)', 2004, 2015, 1);
INSERT INTO generaciones (id, nombre, anio_inicio, anio_fin, modelo_id) OVERRIDING SYSTEM VALUE VALUES (3, 'Corolla E210 (12va gen)', 2018, 2023, 2);
INSERT INTO generaciones (id, nombre, anio_inicio, anio_fin, modelo_id) OVERRIDING SYSTEM VALUE VALUES (4, 'Corolla E170 (11va gen)', 2012, 2018, 2);
-- ===== MOTORES =====
INSERT INTO motores (id, codigo, descripcion, cilindrada, generacion_id) OVERRIDING SYSTEM VALUE VALUES (1, '2GD-FTV', 'Motor diesel turbo 4 cilindros', '2.4L', 1);
INSERT INTO motores (id, codigo, descripcion, cilindrada, generacion_id) OVERRIDING SYSTEM VALUE VALUES (2, '1GD-FTV', 'Motor diesel turbo 4 cilindros', '2.8L', 1);
INSERT INTO motores (id, codigo, descripcion, cilindrada, generacion_id) OVERRIDING SYSTEM VALUE VALUES (3, '1KD-FTV', 'Motor diesel turbo 4 cilindros', '3.0L', 2);
INSERT INTO motores (id, codigo, descripcion, cilindrada, generacion_id) OVERRIDING SYSTEM VALUE VALUES (4, '2ZR-FE', 'Motor gasolina 4 cilindros DOHC', '1.8L', 3);
INSERT INTO motores (id, codigo, descripcion, cilindrada, generacion_id) OVERRIDING SYSTEM VALUE VALUES (5, '2ZR-FAE', 'Motor gasolina Valvematic', '1.8L', 4);
-- ===== CATEGORIAS =====
INSERT INTO categorias (id, nombre, descripcion, imagen_url, activo) OVERRIDING SYSTEM VALUE VALUES (1, 'Reparación de Motor', 'Empaques, pistones, anillos, camisas y componentes internos del motor', NULL, true);
INSERT INTO categorias (id, nombre, descripcion, imagen_url, activo) OVERRIDING SYSTEM VALUE VALUES (2, 'Suspensión', 'Amortiguadores, resortes, rotulas, bases y componentes de suspensión', NULL, true);
INSERT INTO categorias (id, nombre, descripcion, imagen_url, activo) OVERRIDING SYSTEM VALUE VALUES (3, 'Frenos', 'Pastillas, discos, tambores, cilindros y componentes del sistema de frenos', NULL, true);
INSERT INTO categorias (id, nombre, descripcion, imagen_url, activo) OVERRIDING SYSTEM VALUE VALUES (4, 'Dirección', 'Terminales, barras de dirección, cajas y componentes del sistema de dirección', NULL, true);
INSERT INTO categorias (id, nombre, descripcion, imagen_url, activo) OVERRIDING SYSTEM VALUE VALUES (5, 'Sistema Eléctrico', 'Alternadores, arrancadores, sensores y componentes eléctricos', NULL, true);
INSERT INTO categorias (id, nombre, descripcion, imagen_url, activo) OVERRIDING SYSTEM VALUE VALUES (6, 'Lubricantes', 'Aceites de motor, caja y diferencial, grasas y fluidos', NULL, true);
INSERT INTO categorias (id, nombre, descripcion, imagen_url, activo) OVERRIDING SYSTEM VALUE VALUES (7, 'Accesorios', 'Accesorios y complementos automotrices', NULL, true);
-- ===== PRODUCTOS =====
INSERT INTO productos (id, codigo, nombre, descripcion, precio, medidas, destacado, activo, categoria_id, fecha_creacion) OVERRIDING SYSTEM VALUE VALUES (1, 'EMP-001', 'Empaque de Motor Toyota 2GD-FTV', 'Juego completo de empaques de motor para Toyota Hilux 2.4 diesel. Incluye todos los retenes y juntas.', 280.00, 'Estándar', true, true, 1, '2026-06-15 08:30:06.069');
INSERT INTO productos (id, codigo, nombre, descripcion, precio, medidas, destacado, activo, categoria_id, fecha_creacion) OVERRIDING SYSTEM VALUE VALUES (2, 'EMP-002', 'Empaque de Culata Toyota 1KD-FTV', 'Empaque de culata reforzado para Toyota Hilux 3.0 diesel. Material multicapa de alta resistencia.', 95.00, 'Estándar', true, true, 1, '2026-06-15 08:30:06.069');
INSERT INTO productos (id, codigo, nombre, descripcion, precio, medidas, destacado, activo, categoria_id, fecha_creacion) OVERRIDING SYSTEM VALUE VALUES (3, 'PIS-001', 'Kit de Pistones Toyota 2GD-FTV STD', 'Juego de 4 pistones estándar con anillos para Toyota Hilux 2.4 diesel.', 620.00, 'STD', false, true, 1, '2026-06-15 08:30:06.069');
INSERT INTO productos (id, codigo, nombre, descripcion, precio, medidas, destacado, activo, categoria_id, fecha_creacion) OVERRIDING SYSTEM VALUE VALUES (4, 'ANI-001', 'Anillos de Motor Toyota 2GD-FTV STD', 'Juego completo de anillos para 4 pistones. Medida estándar.', 180.00, 'STD 0.25 0.50', false, true, 1, '2026-06-15 08:30:06.069');
INSERT INTO productos (id, codigo, nombre, descripcion, precio, medidas, destacado, activo, categoria_id, fecha_creacion) OVERRIDING SYSTEM VALUE VALUES (5, 'MEB-001', 'Metal de Biela Toyota 2GD-FTV STD', 'Juego de metales de biela para Toyota Hilux 2.4 diesel. Medida estándar.', 145.00, 'STD 0.25 0.50', false, true, 1, '2026-06-15 08:30:06.069');
INSERT INTO productos (id, codigo, nombre, descripcion, precio, medidas, destacado, activo, categoria_id, fecha_creacion) OVERRIDING SYSTEM VALUE VALUES (6, 'MEB-002', 'Metal de Bancada Toyota 2GD-FTV STD', 'Juego de metales de bancada para Toyota Hilux 2.4 diesel.', 160.00, 'STD 0.25 0.50', false, true, 1, '2026-06-15 08:30:06.069');
INSERT INTO productos (id, codigo, nombre, descripcion, precio, medidas, destacado, activo, categoria_id, fecha_creacion) OVERRIDING SYSTEM VALUE VALUES (7, 'AMO-001', 'Amortiguador Delantero Toyota Hilux', 'Amortiguador delantero de gas para Toyota Hilux. Marca de calidad OEM.', 220.00, 'Delantero', true, true, 2, '2026-06-15 08:30:06.069');
INSERT INTO productos (id, codigo, nombre, descripcion, precio, medidas, destacado, activo, categoria_id, fecha_creacion) OVERRIDING SYSTEM VALUE VALUES (8, 'PAS-001', 'Pastillas de Freno Toyota Hilux Delantera', 'Juego de pastillas de freno delanteras para Toyota Hilux. Baja generación de polvo.', 85.00, 'Delantera', false, true, 3, '2026-06-15 08:30:06.069');
INSERT INTO productos (id, codigo, nombre, descripcion, precio, medidas, destacado, activo, categoria_id, fecha_creacion) OVERRIDING SYSTEM VALUE VALUES (9, 'AMO-002', 'Amortiguador Trasero Toyota Hilux', 'Amortiguador trasero de gas para Toyota Hilux N80.', 200.00, 'Trasero', false, true, 2, '2026-06-21 08:12:17.937');
INSERT INTO productos (id, codigo, nombre, descripcion, precio, medidas, destacado, activo, categoria_id, fecha_creacion) OVERRIDING SYSTEM VALUE VALUES (10, 'ROT-001', 'Rotula Superior Toyota Hilux', 'Rotula de suspension superior para Toyota Hilux.', 85.00, 'Superior', false, true, 2, '2026-06-21 08:12:17.937');
INSERT INTO productos (id, codigo, nombre, descripcion, precio, medidas, destacado, activo, categoria_id, fecha_creacion) OVERRIDING SYSTEM VALUE VALUES (11, 'MUE-001', 'Muelle Delantero Toyota Hilux', 'Resorte helicoidal delantero para Toyota Hilux.', 150.00, 'Delantero', false, true, 2, '2026-06-21 08:12:17.937');
INSERT INTO productos (id, codigo, nombre, descripcion, precio, medidas, destacado, activo, categoria_id, fecha_creacion) OVERRIDING SYSTEM VALUE VALUES (12, 'DIS-001', 'Disco de Freno Delantero Toyota Hilux', 'Disco de freno ventilado delantero Toyota Hilux.', 120.00, 'Delantero', false, true, 3, '2026-06-21 08:12:17.937');
INSERT INTO productos (id, codigo, nombre, descripcion, precio, medidas, destacado, activo, categoria_id, fecha_creacion) OVERRIDING SYSTEM VALUE VALUES (13, 'CIL-001', 'Cilindro de Rueda Toyota Hilux', 'Cilindro de freno trasero Toyota Hilux.', 45.00, 'Trasero', false, true, 3, '2026-06-21 08:12:17.937');
INSERT INTO productos (id, codigo, nombre, descripcion, precio, medidas, destacado, activo, categoria_id, fecha_creacion) OVERRIDING SYSTEM VALUE VALUES (14, 'LIQ-001', 'Liquido de Frenos DOT4 500ml', 'Liquido de frenos DOT4 para todos los vehiculos.', 25.00, '500ml', false, true, 3, '2026-06-21 08:12:17.937');
INSERT INTO productos (id, codigo, nombre, descripcion, precio, medidas, destacado, activo, categoria_id, fecha_creacion) OVERRIDING SYSTEM VALUE VALUES (15, 'TER-001', 'Terminal de Direccion Toyota Hilux', 'Terminal de direccion izquierdo/derecho Toyota Hilux.', 65.00, 'Universal', false, true, 4, '2026-06-21 08:12:17.937');
INSERT INTO productos (id, codigo, nombre, descripcion, precio, medidas, destacado, activo, categoria_id, fecha_creacion) OVERRIDING SYSTEM VALUE VALUES (16, 'BAR-001', 'Barra Estabilizadora Toyota Hilux', 'Barra estabilizadora delantera Toyota Hilux.', 180.00, 'Delantera', false, true, 4, '2026-06-21 08:12:17.937');
INSERT INTO productos (id, codigo, nombre, descripcion, precio, medidas, destacado, activo, categoria_id, fecha_creacion) OVERRIDING SYSTEM VALUE VALUES (17, 'ALT-001', 'Alternador Toyota Hilux 2GD-FTV', 'Alternador remanufacturado Toyota Hilux 2.4 diesel.', 450.00, '12V 130A', true, true, 5, '2026-06-21 08:12:17.937');
INSERT INTO productos (id, codigo, nombre, descripcion, precio, medidas, destacado, activo, categoria_id, fecha_creacion) OVERRIDING SYSTEM VALUE VALUES (18, 'BAT-001', 'Bateria 12V 70Ah', 'Bateria de arranque para vehiculos medianos y SUV.', 280.00, '12V 70Ah', false, true, 5, '2026-06-21 08:12:17.937');
INSERT INTO productos (id, codigo, nombre, descripcion, precio, medidas, destacado, activo, categoria_id, fecha_creacion) OVERRIDING SYSTEM VALUE VALUES (19, 'SEN-001', 'Sensor de Oxigeno Toyota Corolla', 'Sensor lambda para Toyota Corolla 1.8L.', 95.00, 'Universal', false, true, 5, '2026-06-21 08:12:17.937');
INSERT INTO productos (id, codigo, nombre, descripcion, precio, medidas, destacado, activo, categoria_id, fecha_creacion) OVERRIDING SYSTEM VALUE VALUES (20, 'ACE-001', 'Aceite Motor 5W-30 Sintetico 4L', 'Aceite de motor sintetico diesel y gasolina.', 95.00, '4 Litros', true, true, 6, '2026-06-21 08:12:17.937');
INSERT INTO productos (id, codigo, nombre, descripcion, precio, medidas, destacado, activo, categoria_id, fecha_creacion) OVERRIDING SYSTEM VALUE VALUES (21, 'ACE-002', 'Aceite Caja Automatica ATF 1L', 'Aceite para cajas automaticas 1 litro.', 45.00, '1 Litro', false, true, 6, '2026-06-21 08:12:17.937');
INSERT INTO productos (id, codigo, nombre, descripcion, precio, medidas, destacado, activo, categoria_id, fecha_creacion) OVERRIDING SYSTEM VALUE VALUES (22, 'GRA-001', 'Grasa Multiproposito 1kg', 'Grasa multiproposito para rodamientos.', 25.00, '1kg', false, true, 6, '2026-06-21 08:12:17.937');
INSERT INTO productos (id, codigo, nombre, descripcion, precio, medidas, destacado, activo, categoria_id, fecha_creacion) OVERRIDING SYSTEM VALUE VALUES (23, 'FIL-001', 'Filtro de Aceite Toyota Hilux', 'Filtro de aceite Toyota Hilux 2.4 y 2.8 diesel.', 18.00, 'Universal', false, true, 1, '2026-06-21 08:12:17.937');
INSERT INTO productos (id, codigo, nombre, descripcion, precio, medidas, destacado, activo, categoria_id, fecha_creacion) OVERRIDING SYSTEM VALUE VALUES (24, 'FIL-002', 'Filtro de Aire Toyota Hilux', 'Filtro de aire alta eficiencia Toyota Hilux.', 35.00, 'Universal', false, true, 7, '2026-06-21 08:12:17.937');
INSERT INTO productos (id, codigo, nombre, descripcion, precio, medidas, destacado, activo, categoria_id, fecha_creacion) OVERRIDING SYSTEM VALUE VALUES (25, 'KIT-001', 'Kit de Afinamiento Toyota Hilux', 'Filtro aceite + filtro aire + filtro combustible.', 120.00, 'Kit completo', true, true, 7, '2026-06-21 08:12:17.937');
INSERT INTO productos (id, codigo, nombre, descripcion, precio, medidas, destacado, activo, categoria_id, fecha_creacion) OVERRIDING SYSTEM VALUE VALUES (26, 'TEST-999', 'Producto Test Editado', 'editado', 149.99, '', false, false, NULL, '2026-06-30 19:03:04.464');
INSERT INTO productos (id, codigo, nombre, descripcion, precio, medidas, destacado, activo, categoria_id, fecha_creacion) OVERRIDING SYSTEM VALUE VALUES (27, 'B1.1.987.949.087', 'FAJA DIST 129D/31MM TOY 3L/5L', 'FAJA DIST 129D/31MM TOY 3L /5L', 85.47, '129D/31MM', false, true, 1, '2026-06-30 20:38:03.631');
INSERT INTO productos (id, codigo, nombre, descripcion, precio, medidas, destacado, activo, categoria_id, fecha_creacion) OVERRIDING SYSTEM VALUE VALUES (28, 'B1.1.987.949.116', 'FAJA DIST 177D TOY 1C/2C', 'FAJA DIST 177D TOY 1C/2C', 86.30, '177D', false, true, 1, '2026-06-30 20:38:03.631');
INSERT INTO productos (id, codigo, nombre, descripcion, precio, medidas, destacado, activo, categoria_id, fecha_creacion) OVERRIDING SYSTEM VALUE VALUES (29, 'B1.1.987.949.600', 'FAJA DIST HYUNDAI H1/H100 COMPENSADORA', 'FAJA DIST 99D/19MM HYU H1 H100 COMPENSADORA', 56.98, '99D/19MM', false, true, 1, '2026-06-30 20:38:03.631');
INSERT INTO productos (id, codigo, nombre, descripcion, precio, medidas, destacado, activo, categoria_id, fecha_creacion) OVERRIDING SYSTEM VALUE VALUES (30, 'D3.FM.04111-21040', 'EMPAQUE MOTOR ST TOYOTA 1NZ/2NZ', 'EMPAQUE MOTOR ST TOYOTA 1NZ 2NZ', 217.42, 'STD', true, true, 1, '2026-06-30 20:38:03.631');
INSERT INTO productos (id, codigo, nombre, descripcion, precio, medidas, destacado, activo, categoria_id, fecha_creacion) OVERRIDING SYSTEM VALUE VALUES (31, 'D3.FM.04111-21040GNA', 'EMPAQUE MOTOR GFT TOYOTA 1NZFE/2NZFE', 'EMPAQUE MOTOR GFT TOYOTA 1NZFE 2NZFE', 187.05, 'STD', false, true, 1, '2026-06-30 20:38:03.631');
INSERT INTO productos (id, codigo, nombre, descripcion, precio, medidas, destacado, activo, categoria_id, fecha_creacion) OVERRIDING SYSTEM VALUE VALUES (32, 'D3.FM.11115-21030', 'EMPAQUE CULATA ST TOYOTA 1NZFE/2NZFE', 'EMPAQUE CULATA ST TOYOTA 1NZFE 2NZFE', 66.75, 'STD', true, true, 1, '2026-06-30 20:38:03.631');
INSERT INTO productos (id, codigo, nombre, descripcion, precio, medidas, destacado, activo, categoria_id, fecha_creacion) OVERRIDING SYSTEM VALUE VALUES (33, 'D3.FM.11115-21030GNA', 'EMPAQUE CULATA GFT TOYOTA 1NZFE/2NZFE', 'EMPAQUE CULATA GFT TOYOTA 1NZFE 2NZFE', 47.92, 'STD', false, true, 1, '2026-06-30 20:38:03.631');
INSERT INTO productos (id, codigo, nombre, descripcion, precio, medidas, destacado, activo, categoria_id, fecha_creacion) OVERRIDING SYSTEM VALUE VALUES (34, 'D3.FMHY.G4FA', 'VALVULAS FM HYUNDAI G4FA JGx16', 'VALVULAS FM JGX16 HYUNDAI G4FA', 389.50, 'JGx16', false, true, 1, '2026-06-30 20:38:03.631');
INSERT INTO productos (id, codigo, nombre, descripcion, precio, medidas, destacado, activo, categoria_id, fecha_creacion) OVERRIDING SYSTEM VALUE VALUES (35, 'D3.FMTY.4E', 'VALVULAS FM TOYOTA 4EFE/5EFE JGx16', 'VALVULAS FM JGX16 TOYOTA 4EFE 5EFE', 331.69, 'JGx16', false, true, 1, '2026-06-30 20:38:03.631');
INSERT INTO productos (id, codigo, nombre, descripcion, precio, medidas, destacado, activo, categoria_id, fecha_creacion) OVERRIDING SYSTEM VALUE VALUES (36, 'D3.MIT.4D56-CRDI', 'GUIAS VALVULA MITSUBISHI 4D56 16V', 'GUIAS VALVULA JG16 MITSUBISHI 4D56 16V', 114.59, 'JGx16', false, true, 1, '2026-06-30 20:38:03.631');
INSERT INTO productos (id, codigo, nombre, descripcion, precio, medidas, destacado, activo, categoria_id, fecha_creacion) OVERRIDING SYSTEM VALUE VALUES (37, 'D3.13212.GA13DS', 'GUIAS VALVULA NISSAN GA13DS/GA14DS', 'GUIAS VALVULA JG16 NISSAN GA13DS GA14DS', 116.03, 'JGx16', false, true, 1, '2026-06-30 20:38:03.631');
INSERT INTO productos (id, codigo, nombre, descripcion, precio, medidas, destacado, activo, categoria_id, fecha_creacion) OVERRIDING SYSTEM VALUE VALUES (38, 'D3.90.90913-02088', 'RETEN VALVULAS TOYOTA 1KD/2KD/4AFE x16', 'RETEN VALVULAS 16 TOYOTA 1KD 2KD 4AFE 4EFE', 52.15, 'x16', false, true, 1, '2026-06-30 20:38:03.631');
INSERT INTO productos (id, codigo, nombre, descripcion, precio, medidas, destacado, activo, categoria_id, fecha_creacion) OVERRIDING SYSTEM VALUE VALUES (39, 'D3.90.90913-02092', 'RETEN VALVULAS TOYOTA 1NZ-FE/2NZ-FE x8', 'RETEN VALVULAS 08 TOYOTA 1NZ-FE 2NZ-FE', 34.07, 'x8', false, true, 1, '2026-06-30 20:38:03.631');
INSERT INTO productos (id, codigo, nombre, descripcion, precio, medidas, destacado, activo, categoria_id, fecha_creacion) OVERRIDING SYSTEM VALUE VALUES (40, '02.0.242.229.785', 'BUJIA HR8MCV FORD ESCORT EUROPEO', 'BUJIA HR8MCV FORD ESCORT EUROPEO', 19.55, 'HR8MCV', false, true, 5, '2026-06-30 20:38:03.631');
INSERT INTO productos (id, codigo, nombre, descripcion, precio, medidas, destacado, activo, categoria_id, fecha_creacion) OVERRIDING SYSTEM VALUE VALUES (41, '02.0.242.232.801', 'BUJIA FR78 LUZ 0.9MM BLISTER x4', 'BUJIA FR78 LUZ 0.9MM BLISTER X 4', 88.58, '0.9MM x4', false, true, 5, '2026-06-30 20:38:03.631');
INSERT INTO productos (id, codigo, nombre, descripcion, precio, medidas, destacado, activo, categoria_id, fecha_creacion) OVERRIDING SYSTEM VALUE VALUES (42, '02.0.242.235.788', 'BUJIA FLR7HTC0 3 ELECTRODOS VW 1.0MM', 'BUJIA FLR7HTC0 LUZ 1.0MM 3 ELECTRODOS VW', 19.55, '1.0MM', false, true, 5, '2026-06-30 20:38:03.631');
INSERT INTO productos (id, codigo, nombre, descripcion, precio, medidas, destacado, activo, categoria_id, fecha_creacion) OVERRIDING SYSTEM VALUE VALUES (43, 'PM-75', 'BUJIA PRE-CALENTADORA HKT MITSUBISHI', 'BUJIA PRE-CALENTADORA HKT MITSUBISHI', 16.36, 'Universal', false, true, 5, '2026-06-30 20:38:03.631');
INSERT INTO productos (id, codigo, nombre, descripcion, precio, medidas, destacado, activo, categoria_id, fecha_creacion) OVERRIDING SYSTEM VALUE VALUES (44, '35954-3F/075', 'ANILLOS PISTON TOYOTA 5E 0.75MM', 'ANILLOS DE PISTON TP TOYOTA 5E 0.75MM', 73.81, '0.75MM', false, true, 1, '2026-06-30 20:38:03.631');
INSERT INTO productos (id, codigo, nombre, descripcion, precio, medidas, destacado, activo, categoria_id, fecha_creacion) OVERRIDING SYSTEM VALUE VALUES (45, '35954-3F/STD', 'ANILLOS PISTON TOYOTA 5E STD', 'ANILLOS DE PISTON TP TOYOTA 5E STD', 73.81, 'STD', false, true, 1, '2026-06-30 20:38:03.631');
INSERT INTO productos (id, codigo, nombre, descripcion, precio, medidas, destacado, activo, categoria_id, fecha_creacion) OVERRIDING SYSTEM VALUE VALUES (46, '42055-3F/STD', 'ANILLOS PISTON HYUNDAI G4LA ATOS STD', 'ANILLOS DE PISTON TP HYUNDAI G4LA ATOS STD', 103.74, 'STD', false, true, 1, '2026-06-30 20:38:03.631');
INSERT INTO productos (id, codigo, nombre, descripcion, precio, medidas, destacado, activo, categoria_id, fecha_creacion) OVERRIDING SYSTEM VALUE VALUES (47, '42055-3F/025', 'ANILLOS PISTON HYUNDAI G4LA ATOS 0.25MM', 'ANILLOS DE PISTON TP HYUNDAI G4LA ATOS 0.25MM', 103.74, '0.25MM', false, true, 1, '2026-06-30 20:42:45.344');
INSERT INTO productos (id, codigo, nombre, descripcion, precio, medidas, destacado, activo, categoria_id, fecha_creacion) OVERRIDING SYSTEM VALUE VALUES (48, '42055-3F/050', 'ANILLOS PISTON HYUNDAI G4LA ATOS 0.50MM', 'ANILLOS DE PISTON TP HYUNDAI G4LA ATOS 0.50MM', 103.74, '0.50MM', false, true, 1, '2026-06-30 20:42:45.344');
INSERT INTO productos (id, codigo, nombre, descripcion, precio, medidas, destacado, activo, categoria_id, fecha_creacion) OVERRIDING SYSTEM VALUE VALUES (49, '35866-3F/STD', 'ANILLOS PISTON TOYOTA 2S STD', 'ANILLOS DE PISTON TP TOYOTA 2S STD', 115.71, 'STD', false, true, 1, '2026-06-30 20:42:45.344');
INSERT INTO productos (id, codigo, nombre, descripcion, precio, medidas, destacado, activo, categoria_id, fecha_creacion) OVERRIDING SYSTEM VALUE VALUES (50, '35866-3F/025', 'ANILLOS PISTON TOYOTA 2S 0.25MM', 'ANILLOS DE PISTON TP TOYOTA 2S 0.25MM', 115.71, '0.25MM', false, true, 1, '2026-06-30 20:42:45.344');
INSERT INTO productos (id, codigo, nombre, descripcion, precio, medidas, destacado, activo, categoria_id, fecha_creacion) OVERRIDING SYSTEM VALUE VALUES (51, '35866-3F/050', 'ANILLOS PISTON TOYOTA 2S 0.50MM', 'ANILLOS DE PISTON TP TOYOTA 2S 0.50MM', 115.71, '0.50MM', false, true, 1, '2026-06-30 20:42:45.344');
INSERT INTO productos (id, codigo, nombre, descripcion, precio, medidas, destacado, activo, categoria_id, fecha_creacion) OVERRIDING SYSTEM VALUE VALUES (52, '36050-2FAC/STD', 'ANILLOS PISTON TOYOTA 1GD STD', 'ANILLOS DE PISTON TP TOYOTA 1GD STD', 211.47, 'STD', true, true, 1, '2026-06-30 20:42:45.344');
INSERT INTO productos (id, codigo, nombre, descripcion, precio, medidas, destacado, activo, categoria_id, fecha_creacion) OVERRIDING SYSTEM VALUE VALUES (53, '13566-21010-OSK', 'TEMPLADOR CADENA OSK TOYOTA 2NZ CURVA', 'TEMPLADORES CADENA OSK TOYOTA 2NZ CURVA', 57.06, 'Universal', false, true, 1, '2026-06-30 20:42:45.344');
INSERT INTO productos (id, codigo, nombre, descripcion, precio, medidas, destacado, activo, categoria_id, fecha_creacion) OVERRIDING SYSTEM VALUE VALUES (54, '13561-21010-OSK', 'GUIA CADENA OSK TOYOTA 2NZ RECTA', 'GUIAS DE CADENA OSK TOYOTA 2NZ RECTA', 55.86, 'Universal', false, true, 1, '2026-06-30 20:42:45.344');
INSERT INTO productos (id, codigo, nombre, descripcion, precio, medidas, destacado, activo, categoria_id, fecha_creacion) OVERRIDING SYSTEM VALUE VALUES (55, '13540-21010-OSK', 'TEMPLADOR CADENA OSK MOTOR 1NZ', 'TEMPLADORES DE CADENA OSK MOTOR 1NZ', 57.86, 'Universal', false, true, 1, '2026-06-30 20:42:45.344');
INSERT INTO productos (id, codigo, nombre, descripcion, precio, medidas, destacado, activo, categoria_id, fecha_creacion) OVERRIDING SYSTEM VALUE VALUES (56, '13540-33014-OSK', 'TEMPLADOR CADENA OSK UNIVERSAL', 'TEMPLADORES DE CADENA OSK UNIVERSAL', 37.91, 'Universal', false, true, 1, '2026-06-30 20:42:45.344');
INSERT INTO productos (id, codigo, nombre, descripcion, precio, medidas, destacado, activo, categoria_id, fecha_creacion) OVERRIDING SYSTEM VALUE VALUES (57, 'CMTS-003', 'BOMBA EMBRAGUE AISIN TOYOTA HILUX 1KD/2KD', 'BOMBA EMBRAGUE AISIN TOYOTA HILUX 1KD 2KD', 168.38, 'Universal', true, true, 1, '2026-06-30 20:42:45.344');
INSERT INTO productos (id, codigo, nombre, descripcion, precio, medidas, destacado, activo, categoria_id, fecha_creacion) OVERRIDING SYSTEM VALUE VALUES (58, 'GFT-214', 'EMBRAGUE VENTILADOR GMB', 'EMBRAGUE DE VENTILADOR GMB', 215.46, 'Universal', false, true, 1, '2026-06-30 20:42:45.344');
INSERT INTO productos (id, codigo, nombre, descripcion, precio, medidas, destacado, activo, categoria_id, fecha_creacion) OVERRIDING SYSTEM VALUE VALUES (59, 'CTX-014', 'PLATO EMBRAGUE AISIN TOYOTA YARIS 1NZ COROLLA', 'PLATO EMBRAGUE AISIN TOYOTA YARIS 1NZ COROLLA 8 PULGADAS', 207.48, '8"', false, true, 1, '2026-06-30 20:42:45.344');
INSERT INTO productos (id, codigo, nombre, descripcion, precio, medidas, destacado, activo, categoria_id, fecha_creacion) OVERRIDING SYSTEM VALUE VALUES (60, '35913-3F/STD', 'ANILLOS PISTON TOYOTA 4AFE STD', 'ANILLOS DE PISTON TP TOYOTA 4AFE STD', 119.70, 'STD', false, true, 1, '2026-06-30 20:42:45.344');
INSERT INTO productos (id, codigo, nombre, descripcion, precio, medidas, destacado, activo, categoria_id, fecha_creacion) OVERRIDING SYSTEM VALUE VALUES (61, '35913-3F/025', 'ANILLOS PISTON TOYOTA 4AFE 0.25MM', 'ANILLOS DE PISTON TP TOYOTA 4AFE 0.25MM', 119.70, '0.25MM', false, true, 1, '2026-06-30 20:42:45.344');
INSERT INTO productos (id, codigo, nombre, descripcion, precio, medidas, destacado, activo, categoria_id, fecha_creacion) OVERRIDING SYSTEM VALUE VALUES (62, 'DTX-116', 'DISCO EMBRAGUE AISIN TOYOTA 1KD COASTER', 'DISCO EMBRAGUE AISIN TOYOTA 1KD COASTER REFORZADO', 458.85, 'Universal', false, true, 1, '2026-06-30 20:42:45.344');
INSERT INTO productos (id, codigo, nombre, descripcion, precio, medidas, destacado, activo, categoria_id, fecha_creacion) OVERRIDING SYSTEM VALUE VALUES (63, 'CTX-115', 'PLATO EMBRAGUE AISIN TOYOTA HILUX 2KD JAP', 'PLATO EMBRAGUE AISIN TOYOTA HILUX 2KD 263x168x298 JAP', 452.47, '263x168', true, true, 1, '2026-06-30 20:42:45.344');
INSERT INTO productos (id, codigo, nombre, descripcion, precio, medidas, destacado, activo, categoria_id, fecha_creacion) OVERRIDING SYSTEM VALUE VALUES (64, 'CTX-160Z', 'PLATO EMBRAGUE AISIN TOYOTA HILUX 1KD 10.5"', 'PLATO EMBRAGUE AISIN TOYOTA HILUX 1KD 10.5 PULGADAS', 514.71, '10.5"', false, true, 1, '2026-06-30 20:42:45.344');
INSERT INTO productos (id, codigo, nombre, descripcion, precio, medidas, destacado, activo, categoria_id, fecha_creacion) OVERRIDING SYSTEM VALUE VALUES (65, 'CTX-088', 'PLATO EMBRAGUE AISIN TOYOTA PROBOX/COROLLA 1NZ', 'PLATO EMBRAGUE AISIN TOYOTA PROBOX 1ZZ 1NZFE COROLLA', 293.27, 'Universal', false, true, 1, '2026-06-30 20:42:45.344');
INSERT INTO productos (id, codigo, nombre, descripcion, precio, medidas, destacado, activo, categoria_id, fecha_creacion) OVERRIDING SYSTEM VALUE VALUES (66, 'DT-124V', 'DISCO EMBRAGUE AISIN TOYOTA PROBOX/COROLLA', 'DISCO EMBRAGUE AISIN TOYOTA PROBOX 1ZZ 1NZFE COROLLA', 163.59, 'Universal', false, true, 1, '2026-06-30 20:42:45.344');
INSERT INTO productos (id, codigo, nombre, descripcion, precio, medidas, destacado, activo, categoria_id, fecha_creacion) OVERRIDING SYSTEM VALUE VALUES (67, 'DTX-237A', 'DISCO EMBRAGUE AISIN TOYOTA YARIS 2017 200x140', 'DISCO EMBRAGUE AISIN TOYOTA YARIS 2017 200x140x21', 283.53, '200x140', false, true, 1, '2026-06-30 20:43:11.029');
INSERT INTO productos (id, codigo, nombre, descripcion, precio, medidas, destacado, activo, categoria_id, fecha_creacion) OVERRIDING SYSTEM VALUE VALUES (68, 'CTX-174A', 'PLATO EMBRAGUE AISIN TOYOTA YARIS 2017 1NR', 'PLATO EMBRAGUE AISIN TOYOTA YARIS 2017 1NR 204x136', 257.59, '204x136', false, true, 1, '2026-06-30 20:43:11.029');
INSERT INTO productos (id, codigo, nombre, descripcion, precio, medidas, destacado, activo, categoria_id, fecha_creacion) OVERRIDING SYSTEM VALUE VALUES (69, 'TK-112-TO', 'CRUCETAS TOYOTA UNIVERSAL', 'CRUCETAS TOYOTA UNIVERSAL', 31.12, 'Universal', false, true, 2, '2026-06-30 20:43:11.029');
INSERT INTO productos (id, codigo, nombre, descripcion, precio, medidas, destacado, activo, categoria_id, fecha_creacion) OVERRIDING SYSTEM VALUE VALUES (70, '35811-3F/STD', 'ANILLOS PISTON MOTOR LOW STD', 'ANILLOS DE PISTON TP MOTOR LOW STD', 111.72, 'STD', false, true, 1, '2026-06-30 20:43:11.029');
INSERT INTO productos (id, codigo, nombre, descripcion, precio, medidas, destacado, activo, categoria_id, fecha_creacion) OVERRIDING SYSTEM VALUE VALUES (71, '0007069', 'CREMALLERA DIRECCION TOYOTA RAV4 2.0/2.4 MECANICA', 'CREMALLERA DIRECCION TOYOTA RAV4 2.0/2.4 MECANICA ATSUKI', 182.94, 'Universal', true, true, 4, '2026-06-30 20:43:11.029');
INSERT INTO productos (id, codigo, nombre, descripcion, precio, medidas, destacado, activo, categoria_id, fecha_creacion) OVERRIDING SYSTEM VALUE VALUES (72, '9965779', 'KIT EMBRAGUE TOYOTA HILUX 1GD/2GD 4X4 LUK', 'KIT EMBRAGUE TOYOTA HILUX 1GD/2GD 4X4 3 PIEZAS LUK', 869.10, '3 piezas', true, true, 1, '2026-06-30 20:43:11.029');
INSERT INTO productos (id, codigo, nombre, descripcion, precio, medidas, destacado, activo, categoria_id, fecha_creacion) OVERRIDING SYSTEM VALUE VALUES (73, 'P013607', 'JUEGO EMPAQUES TOYOTA 2KD HILUX METAL 16V', 'JUEGO EMPAQUES TOYOTA 2KD HILUX METAL 16V', 158.84, 'Metal', false, true, 1, '2026-06-30 20:43:11.029');
INSERT INTO productos (id, codigo, nombre, descripcion, precio, medidas, destacado, activo, categoria_id, fecha_creacion) OVERRIDING SYSTEM VALUE VALUES (74, '9962039', 'ROTULA SUZUKI CELERIO/ERTIGA/SWIFT DER/IZQ', 'ROTULA SUZUKI CELERIO/ERTIGA/SWIFT DER/IZQ CTR', 34.19, 'Universal', false, true, 2, '2026-06-30 20:43:11.029');
INSERT INTO productos (id, codigo, nombre, descripcion, precio, medidas, destacado, activo, categoria_id, fecha_creacion) OVERRIDING SYSTEM VALUE VALUES (75, '9962060', 'TERMINAL DIRECCION SUZUKI ERTIGA/SWIFT DER', 'TERMINAL DIRECCION SUZUKI ERTIGA/SWIFT DER CTR', 43.49, 'Derecho', false, true, 4, '2026-06-30 20:43:11.029');
INSERT INTO productos (id, codigo, nombre, descripcion, precio, medidas, destacado, activo, categoria_id, fecha_creacion) OVERRIDING SYSTEM VALUE VALUES (76, '9962061', 'TERMINAL DIRECCION SUZUKI ERTIGA/SWIFT IZQ', 'TERMINAL DIRECCION SUZUKI ERTIGA/SWIFT IZQ CTR', 43.49, 'Izquierdo', false, true, 4, '2026-06-30 20:43:11.029');
INSERT INTO productos (id, codigo, nombre, descripcion, precio, medidas, destacado, activo, categoria_id, fecha_creacion) OVERRIDING SYSTEM VALUE VALUES (77, '9967306', 'TRAPECIO DAEWOO TICO/MATIZ/SPARK INF DER/IZQ', 'TRAPECIO DAEWOO TICO/MATIZ/SPARK INF DER/IZQ CTR', 38.74, 'Universal', false, true, 2, '2026-06-30 20:43:11.029');
INSERT INTO productos (id, codigo, nombre, descripcion, precio, medidas, destacado, activo, categoria_id, fecha_creacion) OVERRIDING SYSTEM VALUE VALUES (78, '9977903', 'TRAPECIO TOYOTA HIACE LH200 DEL INF DER', 'TRAPECIO TOYOTA HIACE LH200/LH202 DEL INF DER CTR', 99.59, 'Derecho', false, true, 2, '2026-06-30 20:43:11.029');
INSERT INTO productos (id, codigo, nombre, descripcion, precio, medidas, destacado, activo, categoria_id, fecha_creacion) OVERRIDING SYSTEM VALUE VALUES (79, '9977904', 'TRAPECIO TOYOTA HIACE LH200 DEL INF IZQ', 'TRAPECIO TOYOTA HIACE LH200/LH202 DEL INF IZQ CTR', 99.59, 'Izquierdo', false, true, 2, '2026-06-30 20:43:11.029');
INSERT INTO productos (id, codigo, nombre, descripcion, precio, medidas, destacado, activo, categoria_id, fecha_creacion) OVERRIDING SYSTEM VALUE VALUES (80, 'P014029', 'TERMINAL DIRECCION TOYOTA HILUX 3Y/2L/22R INT', 'TERMINAL DIRECCION TOYOTA HILUX 3Y/2L/22R INT CTR', 27.13, 'Interior', false, true, 4, '2026-06-30 20:43:11.029');
INSERT INTO productos (id, codigo, nombre, descripcion, precio, medidas, destacado, activo, categoria_id, fecha_creacion) OVERRIDING SYSTEM VALUE VALUES (81, 'P014647', 'ROTULA TOYOTA HIACE COMMUTER 5L INF DER/IZQ', 'ROTULA TOYOTA HIACE COMMUTER 5L INF DER/IZQ CTR', 50.75, 'Universal', false, true, 2, '2026-06-30 20:43:11.029');
INSERT INTO productos (id, codigo, nombre, descripcion, precio, medidas, destacado, activo, categoria_id, fecha_creacion) OVERRIDING SYSTEM VALUE VALUES (82, 'P013572', 'RACK CHEVROLET AVEO DER/IZQ CTR', 'RACK CHEVROLET AVEO DER/IZQ CTR', 34.07, 'Universal', false, true, 4, '2026-06-30 20:43:11.029');
INSERT INTO productos (id, codigo, nombre, descripcion, precio, medidas, destacado, activo, categoria_id, fecha_creacion) OVERRIDING SYSTEM VALUE VALUES (83, 'P014006', 'ROTULA TOYOTA HILUX 3L 4X4 SUP DER/IZQ', 'ROTULA TOYOTA HILUX 3L 4X4 SUP DER/IZQ CTR', 58.49, 'Universal', false, true, 2, '2026-06-30 20:43:11.029');
INSERT INTO productos (id, codigo, nombre, descripcion, precio, medidas, destacado, activo, categoria_id, fecha_creacion) OVERRIDING SYSTEM VALUE VALUES (84, 'P014016', 'TERMINAL DIRECCION TOYOTA HIACE 2L/3L EXT', 'TERMINAL DIRECCION TOYOTA HIACE 2L/3L EXT DER/IZQ CTR', 36.55, 'Universal', false, true, 4, '2026-06-30 20:43:11.029');
INSERT INTO productos (id, codigo, nombre, descripcion, precio, medidas, destacado, activo, categoria_id, fecha_creacion) OVERRIDING SYSTEM VALUE VALUES (85, '9966563', 'BOMBA ACEITE SUZUKI ALTO F8DN 0.8 ORIGINAL', 'BOMBA ACEITE SUZUKI ALTO F8DN 0.8 CON SENSOR ORIGINAL', 143.16, 'Universal', false, true, 6, '2026-06-30 20:43:11.029');
INSERT INTO productos (id, codigo, nombre, descripcion, precio, medidas, destacado, activo, categoria_id, fecha_creacion) OVERRIDING SYSTEM VALUE VALUES (86, '9951942', 'CABLES BUJIA TOYOTA COROLLA/CORONA 5AF/4AFE', 'CABLES BUJIA TOYOTA COROLLA/CORONA 5AF/4AFE STUTZER', 17.80, 'Universal', false, true, 5, '2026-06-30 20:43:11.029');
INSERT INTO productos (id, codigo, nombre, descripcion, precio, medidas, destacado, activo, categoria_id, fecha_creacion) OVERRIDING SYSTEM VALUE VALUES (87, '9952013', 'CREMALLERA DIRECCION SUZUKI CELERIO 1.0 K10B', 'CREMALLERA DIRECCION SUZUKI CELERIO 1.0 K10B MECANICA', 215.02, 'Universal', false, true, 4, '2026-06-30 20:43:11.049');
INSERT INTO productos (id, codigo, nombre, descripcion, precio, medidas, destacado, activo, categoria_id, fecha_creacion) OVERRIDING SYSTEM VALUE VALUES (88, '9953237', 'BUZOS VALVULA TOYOTA COROLLA 1C/2C 8VAL', 'BUZOS VALVULA TOYOTA COROLLA 1C/2C/2CT 8VAL', 5.91, 'Universal', false, true, 1, '2026-06-30 20:43:11.049');
INSERT INTO productos (id, codigo, nombre, descripcion, precio, medidas, destacado, activo, categoria_id, fecha_creacion) OVERRIDING SYSTEM VALUE VALUES (89, '9962528', 'EJE LEVA TOYOTA HILUX 2KDFTV 16V ADMISION', 'EJE LEVA TOYOTA HILUX/HIACE 2.5 2KDFTV 16V ADMISION', 111.40, 'Universal', false, true, 1, '2026-06-30 20:43:11.049');
INSERT INTO productos (id, codigo, nombre, descripcion, precio, medidas, destacado, activo, categoria_id, fecha_creacion) OVERRIDING SYSTEM VALUE VALUES (90, '9962529', 'EJE LEVA TOYOTA HILUX 2KDFTV 16V ESCAPE', 'EJE LEVA TOYOTA HILUX/HIACE 2.5 2KDFTV 16V ESCAPE', 113.36, 'Universal', false, true, 1, '2026-06-30 20:43:11.049');
INSERT INTO productos (id, codigo, nombre, descripcion, precio, medidas, destacado, activo, categoria_id, fecha_creacion) OVERRIDING SYSTEM VALUE VALUES (91, '9965536', 'SOPORTE MOTOR TOYOTA HILUX 2500 2KDFTV POST', 'SOPORTE MOTOR TOYOTA HILUX 2500 2KDFTV 4X4 POST', 47.24, 'Universal', false, true, 1, '2026-06-30 20:43:11.049');
INSERT INTO productos (id, codigo, nombre, descripcion, precio, medidas, destacado, activo, categoria_id, fecha_creacion) OVERRIDING SYSTEM VALUE VALUES (92, 'P016198', 'EJE LEVA TOYOTA COROLLA/TERCEL 2E/3E', 'EJE LEVA TOYOTA COROLLA/TERCEL/STARLET 2E/3E', 119.62, 'Universal', false, true, 1, '2026-06-30 20:43:11.049');
INSERT INTO productos (id, codigo, nombre, descripcion, precio, medidas, destacado, activo, categoria_id, fecha_creacion) OVERRIDING SYSTEM VALUE VALUES (93, 'P018983', 'EJE LEVA TOYOTA HILUX/FORTUNER 1KDFTV ADMISION', 'EJE LEVA TOYOTA HILUX/FORTUNER 1KDFTV 16V ADMISION', 90.45, 'Universal', false, true, 1, '2026-06-30 20:43:11.049');
INSERT INTO productos (id, codigo, nombre, descripcion, precio, medidas, destacado, activo, categoria_id, fecha_creacion) OVERRIDING SYSTEM VALUE VALUES (94, 'P018984', 'EJE LEVA TOYOTA HILUX/FORTUNER 1KDFTV ESCAPE', 'EJE LEVA TOYOTA HILUX/FORTUNER 1KDFTV 16V ESCAPE', 90.45, 'Universal', false, true, 1, '2026-06-30 20:43:11.049');
INSERT INTO productos (id, codigo, nombre, descripcion, precio, medidas, destacado, activo, categoria_id, fecha_creacion) OVERRIDING SYSTEM VALUE VALUES (95, '9953497', 'RACK CHEVROLET AVEO DER/IZQ STP', 'RACK CHEVROLET AVEO DER/IZQ STP', 20.39, 'Universal', false, true, 4, '2026-06-30 20:43:11.049');
INSERT INTO productos (id, codigo, nombre, descripcion, precio, medidas, destacado, activo, categoria_id, fecha_creacion) OVERRIDING SYSTEM VALUE VALUES (96, '9953610', 'ESTABILIZADOR TOYOTA YARIS DEL DER/IZQ STP', 'ESTABILIZADOR TOYOTA YARIS DEL DER/IZQ STP', 22.66, 'Universal', false, true, 2, '2026-06-30 20:43:11.049');
INSERT INTO productos (id, codigo, nombre, descripcion, precio, medidas, destacado, activo, categoria_id, fecha_creacion) OVERRIDING SYSTEM VALUE VALUES (97, '9953650', 'ROTULA TOYOTA HILUX 1KD/2KD/1GD/2GD INF STP', 'ROTULA TOYOTA HILUX 1KD/2KD/1GD/2GD INF DER/IZQ STP', 30.44, 'Universal', false, true, 2, '2026-06-30 20:43:11.049');
INSERT INTO productos (id, codigo, nombre, descripcion, precio, medidas, destacado, activo, categoria_id, fecha_creacion) OVERRIDING SYSTEM VALUE VALUES (98, '9953680', 'TERMINAL DIRECCION MITSUBISHI L200 EXT DER STP', 'TERMINAL DIRECCION MITSUBISHI L200 EXT DER STP', 32.60, 'Derecho', false, true, 4, '2026-06-30 20:43:11.049');
INSERT INTO productos (id, codigo, nombre, descripcion, precio, medidas, destacado, activo, categoria_id, fecha_creacion) OVERRIDING SYSTEM VALUE VALUES (99, '9953681', 'TERMINAL DIRECCION MITSUBISHI L200 EXT IZQ STP', 'TERMINAL DIRECCION MITSUBISHI L200 EXT IZQ STP', 32.60, 'Izquierdo', false, true, 4, '2026-06-30 20:43:11.049');
INSERT INTO productos (id, codigo, nombre, descripcion, precio, medidas, destacado, activo, categoria_id, fecha_creacion) OVERRIDING SYSTEM VALUE VALUES (100, '9953708', 'TERMINAL DIRECCION SUZUKI CELERIO/ALTO/SWIFT', 'TERMINAL DIRECCION SUZUKI CELERIO/ALTO/SWIFT EXT DER/IZQ', 17.96, 'Universal', false, true, 4, '2026-06-30 20:43:11.049');
INSERT INTO productos (id, codigo, nombre, descripcion, precio, medidas, destacado, activo, categoria_id, fecha_creacion) OVERRIDING SYSTEM VALUE VALUES (101, '9959572', 'ESTABILIZADOR MAZDA BT50/FORD RANGER 4X4 DER', 'ESTABILIZADOR MAZDA BT50/FORD RANGER 4X4 DEL DER STP', 17.48, 'Derecho', false, true, 2, '2026-06-30 20:43:11.049');
INSERT INTO productos (id, codigo, nombre, descripcion, precio, medidas, destacado, activo, categoria_id, fecha_creacion) OVERRIDING SYSTEM VALUE VALUES (102, '9959582', 'ESTABILIZADOR MAZDA BT50/FORD RANGER 4X4 IZQ', 'ESTABILIZADOR MAZDA BT50/FORD RANGER 4X4 DEL IZQ STP', 17.48, 'Izquierdo', false, true, 2, '2026-06-30 20:43:11.049');
INSERT INTO productos (id, codigo, nombre, descripcion, precio, medidas, destacado, activo, categoria_id, fecha_creacion) OVERRIDING SYSTEM VALUE VALUES (103, '9959663', 'TERMINAL DIRECCION SUZUKI SWIFT 1.2 K12M DER', 'TERMINAL DIRECCION SUZUKI SWIFT 1.2 K12M DER STP', 24.90, 'Derecho', false, true, 4, '2026-06-30 20:43:11.049');
INSERT INTO productos (id, codigo, nombre, descripcion, precio, medidas, destacado, activo, categoria_id, fecha_creacion) OVERRIDING SYSTEM VALUE VALUES (104, '9961440', 'ROTULA TOYOTA RAV4/AURIS INF DER/IZQ STP', 'ROTULA TOYOTA RAV4/AURIS INF DER/IZQ STP', 30.24, 'Universal', false, true, 2, '2026-06-30 20:43:11.049');
INSERT INTO productos (id, codigo, nombre, descripcion, precio, medidas, destacado, activo, categoria_id, fecha_creacion) OVERRIDING SYSTEM VALUE VALUES (105, 'P025363', 'CABLES BUJIA TOYOTA 5EFE 590MM SEIWA', 'CABLES BUJIA TOYOTA 5EFE 590MM SEIWA', 84.71, '590MM', false, true, 5, '2026-06-30 20:43:11.049');
INSERT INTO productos (id, codigo, nombre, descripcion, precio, medidas, destacado, activo, categoria_id, fecha_creacion) OVERRIDING SYSTEM VALUE VALUES (106, '9943967', 'AMORTIGUADOR TOYOTA RAV4 POST DER/IZQ GAS STP', 'AMORTIGUADOR TOYOTA RAV4 POST DER/IZQ GAS STP', 65.08, 'Universal', false, true, 2, '2026-06-30 20:43:11.049');
INSERT INTO productos (id, codigo, nombre, descripcion, precio, medidas, destacado, activo, categoria_id, fecha_creacion) OVERRIDING SYSTEM VALUE VALUES (107, 'P023242', 'AMORTIGUADOR VW AMAROK POST DER/IZQ GAS STP', 'AMORTIGUADOR VW AMAROK POST DER/IZQ GAS STP', 66.63, 'Universal', false, true, 2, '2026-06-30 20:43:11.063');
INSERT INTO productos (id, codigo, nombre, descripcion, precio, medidas, destacado, activo, categoria_id, fecha_creacion) OVERRIDING SYSTEM VALUE VALUES (108, 'P018866', 'AMORTIGUADOR HYUNDAI H1/GRAND STAREX DEL IZQ', 'AMORTIGUADOR HYUNDAI H1/GRAND STAREX DEL IZQ GAS', 190.64, 'Izquierdo', false, true, 2, '2026-06-30 20:43:11.063');
INSERT INTO productos (id, codigo, nombre, descripcion, precio, medidas, destacado, activo, categoria_id, fecha_creacion) OVERRIDING SYSTEM VALUE VALUES (109, '9954581', 'BOMBA AGUA HYUNDAI ACCENT/ELANTRA G4FA/G4FC', 'BOMBA AGUA HYUNDAI ACCENT/ELANTRA G4FA/G4FC TOTO', 50.03, 'Universal', false, true, 6, '2026-06-30 20:43:11.063');
INSERT INTO productos (id, codigo, nombre, descripcion, precio, medidas, destacado, activo, categoria_id, fecha_creacion) OVERRIDING SYSTEM VALUE VALUES (110, '9963947', 'KIT DISTRIBUCION CADENA TOYOTA COROLLA/RAV4', 'KIT DISTRIBUCION CADENA TOYOTA COROLLA/RAV4 1ZRFE TOTO', 154.25, 'Universal', true, true, 1, '2026-06-30 20:43:11.063');
INSERT INTO productos (id, codigo, nombre, descripcion, precio, medidas, destacado, activo, categoria_id, fecha_creacion) OVERRIDING SYSTEM VALUE VALUES (111, '9964033', 'BOMBA AGUA CHEVROLET SPIN 1800 LJ1 SOHC', 'BOMBA AGUA CHEVROLET SPIN 1800 LJ1 SOHC TOTO', 39.34, 'Universal', false, true, 6, '2026-06-30 20:43:11.063');
INSERT INTO productos (id, codigo, nombre, descripcion, precio, medidas, destacado, activo, categoria_id, fecha_creacion) OVERRIDING SYSTEM VALUE VALUES (112, '9972434', 'BOMBA AGUA TOYOTA AGYA 1.0 1KRFE TOTO', 'BOMBA AGUA TOYOTA AGYA 1.0 1KRFE TOTO', 71.18, 'Universal', false, true, 6, '2026-06-30 20:43:11.063');
INSERT INTO productos (id, codigo, nombre, descripcion, precio, medidas, destacado, activo, categoria_id, fecha_creacion) OVERRIDING SYSTEM VALUE VALUES (113, '9950112', 'CREMALLERA DIRECCION HYUNDAI ACCENT/I20 ELECTRO', 'CREMALLERA DIRECCION HYUNDAI ACCENT/I20 ELECTRO ATSUKI', 208.80, 'Universal', false, true, 4, '2026-06-30 20:43:11.063');
INSERT INTO productos (id, codigo, nombre, descripcion, precio, medidas, destacado, activo, categoria_id, fecha_creacion) OVERRIDING SYSTEM VALUE VALUES (114, '9950113', 'CREMALLERA DIRECCION KIA PICANTO MECANICA', 'CREMALLERA DIRECCION KIA PICANTO MECANICA ATSUKI', 237.92, 'Universal', false, true, 4, '2026-06-30 20:43:11.063');
INSERT INTO productos (id, codigo, nombre, descripcion, precio, medidas, destacado, activo, categoria_id, fecha_creacion) OVERRIDING SYSTEM VALUE VALUES (115, '9950215', 'AMORTIGUADOR KIA CERATO DEL DER GAS ATSUKI', 'AMORTIGUADOR KIA CERATO DEL DER GAS ATSUKI', 76.65, 'Derecho', false, true, 2, '2026-06-30 20:43:11.063');
INSERT INTO productos (id, codigo, nombre, descripcion, precio, medidas, destacado, activo, categoria_id, fecha_creacion) OVERRIDING SYSTEM VALUE VALUES (116, '9950217', 'AMORTIGUADOR KIA CERATO DEL IZQ GAS ATSUKI', 'AMORTIGUADOR KIA CERATO DEL IZQ GAS ATSUKI', 76.65, 'Izquierdo', false, true, 2, '2026-06-30 20:43:11.063');
INSERT INTO productos (id, codigo, nombre, descripcion, precio, medidas, destacado, activo, categoria_id, fecha_creacion) OVERRIDING SYSTEM VALUE VALUES (117, '9952025', 'AMORTIGUADOR TOYOTA YARIS 2018 DEL DER GAS', 'AMORTIGUADOR TOYOTA YARIS 2018 DEL DER GAS ATSUKI', 53.15, 'Derecho', false, true, 2, '2026-06-30 20:43:11.063');
INSERT INTO productos (id, codigo, nombre, descripcion, precio, medidas, destacado, activo, categoria_id, fecha_creacion) OVERRIDING SYSTEM VALUE VALUES (118, '9952026', 'AMORTIGUADOR TOYOTA YARIS 2018 DEL IZQ GAS', 'AMORTIGUADOR TOYOTA YARIS 2018 DEL IZQ GAS ATSUKI', 53.15, 'Izquierdo', false, true, 2, '2026-06-30 20:43:11.063');
INSERT INTO productos (id, codigo, nombre, descripcion, precio, medidas, destacado, activo, categoria_id, fecha_creacion) OVERRIDING SYSTEM VALUE VALUES (119, '9952194', 'RACK HYUNDAI I10 DER/IZQ WURTEX', 'RACK HYUNDAI I10 DER/IZQ WURTEX', 12.37, 'Universal', false, true, 4, '2026-06-30 20:43:11.063');
INSERT INTO productos (id, codigo, nombre, descripcion, precio, medidas, destacado, activo, categoria_id, fecha_creacion) OVERRIDING SYSTEM VALUE VALUES (120, '9957076', 'RADIADOR MOTOR SUZUKI ALTO F8D T/MEC ATSUKI', 'RADIADOR MOTOR SUZUKI ALTO F8D T/MEC ATSUKI', 90.53, 'Universal', false, true, 6, '2026-06-30 20:43:11.063');
INSERT INTO productos (id, codigo, nombre, descripcion, precio, medidas, destacado, activo, categoria_id, fecha_creacion) OVERRIDING SYSTEM VALUE VALUES (121, '9958469', 'AMORTIGUADOR SUZUKI CELERIO DEL DER GAS ATSUKI', 'AMORTIGUADOR SUZUKI CELERIO DEL DER GAS ATSUKI', 66.47, 'Derecho', false, true, 2, '2026-06-30 20:43:11.063');
INSERT INTO productos (id, codigo, nombre, descripcion, precio, medidas, destacado, activo, categoria_id, fecha_creacion) OVERRIDING SYSTEM VALUE VALUES (122, '9958470', 'AMORTIGUADOR SUZUKI CELERIO DEL IZQ GAS ATSUKI', 'AMORTIGUADOR SUZUKI CELERIO DEL IZQ GAS ATSUKI', 66.47, 'Izquierdo', false, true, 2, '2026-06-30 20:43:11.063');
INSERT INTO productos (id, codigo, nombre, descripcion, precio, medidas, destacado, activo, categoria_id, fecha_creacion) OVERRIDING SYSTEM VALUE VALUES (123, '9958472', 'AMORTIGUADOR SUZUKI SWIFT/ERTIGA DEL DER GAS', 'AMORTIGUADOR SUZUKI SWIFT/ERTIGA DEL DER GAS ATSUKI', 72.54, 'Derecho', false, true, 2, '2026-06-30 20:43:11.063');
INSERT INTO productos (id, codigo, nombre, descripcion, precio, medidas, destacado, activo, categoria_id, fecha_creacion) OVERRIDING SYSTEM VALUE VALUES (124, '9958473', 'AMORTIGUADOR SUZUKI SWIFT/ERTIGA DEL IZQ GAS', 'AMORTIGUADOR SUZUKI SWIFT/ERTIGA DEL IZQ GAS ATSUKI', 72.54, 'Izquierdo', false, true, 2, '2026-06-30 20:43:11.063');
INSERT INTO productos (id, codigo, nombre, descripcion, precio, medidas, destacado, activo, categoria_id, fecha_creacion) OVERRIDING SYSTEM VALUE VALUES (125, '9975681', 'AMORTIGUADOR HYUNDAI H1 2014 DEL IZQ MANDO', 'AMORTIGUADOR HYUNDAI H1 2014 DEL IZQ MANDO', 190.92, 'Izquierdo', false, true, 2, '2026-06-30 20:43:11.063');
INSERT INTO productos (id, codigo, nombre, descripcion, precio, medidas, destacado, activo, categoria_id, fecha_creacion) OVERRIDING SYSTEM VALUE VALUES (126, 'P014932', 'AMORTIGUADOR NISSAN SUNNY POST DER/IZQ GAS', 'AMORTIGUADOR NISSAN SUNNY POST DER/IZQ GAS ATSUKI', 45.92, 'Universal', false, true, 2, '2026-06-30 20:43:11.063');
INSERT INTO productos (id, codigo, nombre, descripcion, precio, medidas, destacado, activo, categoria_id, fecha_creacion) OVERRIDING SYSTEM VALUE VALUES (127, 'P015375', 'AMORTIGUADOR CHEVROLET AVEO/SAIL DEL DER GAS', 'AMORTIGUADOR CHEVROLET AVEO/SAIL DEL DER GAS ATSUKI', 55.94, 'Derecho', false, true, 2, '2026-06-30 20:43:11.083');
INSERT INTO productos (id, codigo, nombre, descripcion, precio, medidas, destacado, activo, categoria_id, fecha_creacion) OVERRIDING SYSTEM VALUE VALUES (128, 'P015376', 'AMORTIGUADOR CHEVROLET AVEO/SAIL DEL IZQ GAS', 'AMORTIGUADOR CHEVROLET AVEO/SAIL DEL IZQ GAS ATSUKI', 55.94, 'Izquierdo', false, true, 2, '2026-06-30 20:43:11.083');
INSERT INTO productos (id, codigo, nombre, descripcion, precio, medidas, destacado, activo, categoria_id, fecha_creacion) OVERRIDING SYSTEM VALUE VALUES (129, 'P015436', 'AMORTIGUADOR HYUNDAI ACCENT RB DEL DER GAS', 'AMORTIGUADOR HYUNDAI ACCENT RB DEL DER GAS ATSUKI', 56.98, 'Derecho', false, true, 2, '2026-06-30 20:43:11.083');
INSERT INTO productos (id, codigo, nombre, descripcion, precio, medidas, destacado, activo, categoria_id, fecha_creacion) OVERRIDING SYSTEM VALUE VALUES (130, 'P015438', 'AMORTIGUADOR HYUNDAI ACCENT RB DEL IZQ GAS', 'AMORTIGUADOR HYUNDAI ACCENT RB DEL IZQ GAS ATSUKI', 56.98, 'Izquierdo', false, true, 2, '2026-06-30 20:43:11.083');
INSERT INTO productos (id, codigo, nombre, descripcion, precio, medidas, destacado, activo, categoria_id, fecha_creacion) OVERRIDING SYSTEM VALUE VALUES (131, 'P015999', 'AMORTIGUADOR SUZUKI SWIFT SC7 DEL DER GAS', 'AMORTIGUADOR SUZUKI SWIFT SC7 DEL DER GAS ATSUKI', 69.79, 'Derecho', false, true, 2, '2026-06-30 20:43:11.083');
INSERT INTO productos (id, codigo, nombre, descripcion, precio, medidas, destacado, activo, categoria_id, fecha_creacion) OVERRIDING SYSTEM VALUE VALUES (132, 'P016000', 'AMORTIGUADOR SUZUKI SWIFT SC7 DEL IZQ GAS', 'AMORTIGUADOR SUZUKI SWIFT SC7 DEL IZQ GAS ATSUKI', 69.79, 'Izquierdo', false, true, 2, '2026-06-30 20:43:11.083');
INSERT INTO productos (id, codigo, nombre, descripcion, precio, medidas, destacado, activo, categoria_id, fecha_creacion) OVERRIDING SYSTEM VALUE VALUES (133, 'P016003', 'AMORTIGUADOR TOYOTA COROLLA 2007-2013 DEL DER', 'AMORTIGUADOR TOYOTA COROLLA 2007-2013 DEL DER ATSUKI', 65.24, 'Derecho', false, true, 2, '2026-06-30 20:43:11.083');
INSERT INTO productos (id, codigo, nombre, descripcion, precio, medidas, destacado, activo, categoria_id, fecha_creacion) OVERRIDING SYSTEM VALUE VALUES (134, 'P016004', 'AMORTIGUADOR TOYOTA COROLLA 2007-2013 DEL IZQ', 'AMORTIGUADOR TOYOTA COROLLA 2007-2013 DEL IZQ ATSUKI', 65.24, 'Izquierdo', false, true, 2, '2026-06-30 20:43:11.083');
INSERT INTO productos (id, codigo, nombre, descripcion, precio, medidas, destacado, activo, categoria_id, fecha_creacion) OVERRIDING SYSTEM VALUE VALUES (135, 'P016026', 'AMORTIGUADOR CHEVROLET SPARK GT DEL IZQ GAS', 'AMORTIGUADOR CHEVROLET SPARK GT DEL IZQ GAS ATSUKI', 68.87, 'Izquierdo', false, true, 2, '2026-06-30 20:43:11.083');
INSERT INTO productos (id, codigo, nombre, descripcion, precio, medidas, destacado, activo, categoria_id, fecha_creacion) OVERRIDING SYSTEM VALUE VALUES (136, 'P016027', 'AMORTIGUADOR CHEVROLET SPARK GT DEL DER GAS', 'AMORTIGUADOR CHEVROLET SPARK GT DEL DER GAS ATSUKI', 68.87, 'Derecho', false, true, 2, '2026-06-30 20:43:11.083');
INSERT INTO productos (id, codigo, nombre, descripcion, precio, medidas, destacado, activo, categoria_id, fecha_creacion) OVERRIDING SYSTEM VALUE VALUES (137, 'P016433', 'RADIADOR MOTOR SUZUKI ALTO 0.8 F8D TUBULAR', 'RADIADOR MOTOR SUZUKI ALTO 0.8 F8D TUBULAR', 68.99, 'Universal', false, true, 6, '2026-06-30 20:43:11.083');
INSERT INTO productos (id, codigo, nombre, descripcion, precio, medidas, destacado, activo, categoria_id, fecha_creacion) OVERRIDING SYSTEM VALUE VALUES (138, 'P016502', 'RADIADOR MOTOR TOYOTA YARIS 1NZ/2NZ T/MEC', 'RADIADOR MOTOR TOYOTA YARIS 1NZ/2NZ T/MEC PANEL ATSUKI', 102.22, 'Universal', false, true, 6, '2026-06-30 20:43:11.083');
INSERT INTO productos (id, codigo, nombre, descripcion, precio, medidas, destacado, activo, categoria_id, fecha_creacion) OVERRIDING SYSTEM VALUE VALUES (139, 'P016512', 'AMORTIGUADOR KIA PICANTO DEL IZQ GAS ATSUKI', 'AMORTIGUADOR KIA PICANTO DEL IZQ GAS ATSUKI', 63.40, 'Izquierdo', false, true, 2, '2026-06-30 20:43:11.083');
INSERT INTO productos (id, codigo, nombre, descripcion, precio, medidas, destacado, activo, categoria_id, fecha_creacion) OVERRIDING SYSTEM VALUE VALUES (140, 'P016513', 'AMORTIGUADOR KIA PICANTO DEL DER GAS ATSUKI', 'AMORTIGUADOR KIA PICANTO DEL DER GAS ATSUKI', 63.40, 'Derecho', false, true, 2, '2026-06-30 20:43:11.083');
INSERT INTO productos (id, codigo, nombre, descripcion, precio, medidas, destacado, activo, categoria_id, fecha_creacion) OVERRIDING SYSTEM VALUE VALUES (141, 'P017724', 'TERMINAL DIRECCION HYUNDAI ACCENT/RIO EXT IZQ', 'TERMINAL DIRECCION HYUNDAI ACCENT/RIO EXT IZQ ATSUKI', 16.20, 'Izquierdo', false, true, 4, '2026-06-30 20:43:11.083');
INSERT INTO productos (id, codigo, nombre, descripcion, precio, medidas, destacado, activo, categoria_id, fecha_creacion) OVERRIDING SYSTEM VALUE VALUES (142, 'P017726', 'TERMINAL DIRECCION HYUNDAI ACCENT/RIO EXT DER', 'TERMINAL DIRECCION HYUNDAI ACCENT/RIO EXT DER WURTEX', 16.20, 'Derecho', false, true, 4, '2026-06-30 20:43:11.083');
INSERT INTO productos (id, codigo, nombre, descripcion, precio, medidas, destacado, activo, categoria_id, fecha_creacion) OVERRIDING SYSTEM VALUE VALUES (143, 'P017769', 'TRAPECIO TOYOTA HIACE 5L SUP IZQ WURTEX', 'TRAPECIO TOYOTA HIACE 5L SUP IZQ WURTEX', 81.60, 'Izquierdo', false, true, 2, '2026-06-30 20:43:11.083');
INSERT INTO productos (id, codigo, nombre, descripcion, precio, medidas, destacado, activo, categoria_id, fecha_creacion) OVERRIDING SYSTEM VALUE VALUES (144, 'P018385', 'RADIADOR MOTOR SUZUKI CELERIO K10B 1.0 MEC', 'RADIADOR MOTOR SUZUKI CELERIO K10B 1.0 MEC ATSUKI', 102.06, 'Universal', false, true, 6, '2026-06-30 20:43:11.083');
INSERT INTO productos (id, codigo, nombre, descripcion, precio, medidas, destacado, activo, categoria_id, fecha_creacion) OVERRIDING SYSTEM VALUE VALUES (145, 'P018949', 'AMORTIGUADOR KIA CERATO 2009-2012 DEL IZQ', 'AMORTIGUADOR KIA CERATO 2009-2012 DEL IZQ ATSUKI', 74.77, 'Izquierdo', false, true, 2, '2026-06-30 20:43:11.083');
INSERT INTO productos (id, codigo, nombre, descripcion, precio, medidas, destacado, activo, categoria_id, fecha_creacion) OVERRIDING SYSTEM VALUE VALUES (146, 'P018950', 'AMORTIGUADOR KIA CERATO 2009-2012 DEL DER', 'AMORTIGUADOR KIA CERATO 2009-2012 DEL DER ATSUKI', 74.77, 'Derecho', false, true, 2, '2026-06-30 20:43:11.083');
INSERT INTO productos (id, codigo, nombre, descripcion, precio, medidas, destacado, activo, categoria_id, fecha_creacion) OVERRIDING SYSTEM VALUE VALUES (147, 'P019114', 'AMORTIGUADOR TOYOTA YARIS ENVIDIA 2NZ DEL', 'AMORTIGUADOR TOYOTA YARIS ENVIDIA 2NZ DEL DER/IZQ ATSUKI', 58.01, 'Universal', false, true, 2, '2026-06-30 20:43:11.097');
INSERT INTO productos (id, codigo, nombre, descripcion, precio, medidas, destacado, activo, categoria_id, fecha_creacion) OVERRIDING SYSTEM VALUE VALUES (148, 'P022963', 'AMORTIGUADOR CHEVROLET N300 DEL IZQ GAS', 'AMORTIGUADOR CHEVROLET N300 DEL IZQ GAS ATSUKI', 56.98, 'Izquierdo', false, true, 2, '2026-06-30 20:43:11.097');
INSERT INTO productos (id, codigo, nombre, descripcion, precio, medidas, destacado, activo, categoria_id, fecha_creacion) OVERRIDING SYSTEM VALUE VALUES (149, 'P022964', 'AMORTIGUADOR CHEVROLET N300 DEL DER GAS', 'AMORTIGUADOR CHEVROLET N300 DEL DER GAS ATSUKI', 56.98, 'Derecho', false, true, 2, '2026-06-30 20:43:11.097');
INSERT INTO productos (id, codigo, nombre, descripcion, precio, medidas, destacado, activo, categoria_id, fecha_creacion) OVERRIDING SYSTEM VALUE VALUES (150, 'P022987', 'AMORTIGUADOR NISSAN SENTRA B13 DEL IZQ GAS', 'AMORTIGUADOR NISSAN SENTRA B13 DEL IZQ GAS ATSUKI', 50.75, 'Izquierdo', false, true, 2, '2026-06-30 20:43:11.097');
INSERT INTO productos (id, codigo, nombre, descripcion, precio, medidas, destacado, activo, categoria_id, fecha_creacion) OVERRIDING SYSTEM VALUE VALUES (151, 'P022988', 'AMORTIGUADOR NISSAN SENTRA B13 DEL DER GAS', 'AMORTIGUADOR NISSAN SENTRA B13 DEL DER GAS ATSUKI', 50.75, 'Derecho', false, true, 2, '2026-06-30 20:43:11.097');
INSERT INTO productos (id, codigo, nombre, descripcion, precio, medidas, destacado, activo, categoria_id, fecha_creacion) OVERRIDING SYSTEM VALUE VALUES (152, 'P023003', 'AMORTIGUADOR SUZUKI ALTO DEL IZQ GAS ATSUKI', 'AMORTIGUADOR SUZUKI ALTO DEL IZQ GAS ATSUKI', 47.76, 'Izquierdo', false, true, 2, '2026-06-30 20:43:11.097');
INSERT INTO productos (id, codigo, nombre, descripcion, precio, medidas, destacado, activo, categoria_id, fecha_creacion) OVERRIDING SYSTEM VALUE VALUES (153, 'P023004', 'AMORTIGUADOR SUZUKI ALTO DEL DER GAS ATSUKI', 'AMORTIGUADOR SUZUKI ALTO DEL DER GAS ATSUKI', 47.76, 'Derecho', false, true, 2, '2026-06-30 20:43:11.097');
INSERT INTO productos (id, codigo, nombre, descripcion, precio, medidas, destacado, activo, categoria_id, fecha_creacion) OVERRIDING SYSTEM VALUE VALUES (154, 'P023211', 'AMORTIGUADOR TOYOTA TERCEL/CORSA DEL IZQ GAS', 'AMORTIGUADOR TOYOTA TERCEL/CORSA DEL IZQ GAS ATSUKI', 76.65, 'Izquierdo', false, true, 2, '2026-06-30 20:43:11.097');
INSERT INTO productos (id, codigo, nombre, descripcion, precio, medidas, destacado, activo, categoria_id, fecha_creacion) OVERRIDING SYSTEM VALUE VALUES (155, 'P023212', 'AMORTIGUADOR TOYOTA TERCEL/CORSA DEL DER GAS', 'AMORTIGUADOR TOYOTA TERCEL/CORSA DEL DER GAS ATSUKI', 76.65, 'Derecho', false, true, 2, '2026-06-30 20:43:11.097');
INSERT INTO productos (id, codigo, nombre, descripcion, precio, medidas, destacado, activo, categoria_id, fecha_creacion) OVERRIDING SYSTEM VALUE VALUES (156, 'P023450', 'AMORTIGUADOR TOYOTA AVANZA DEL IZQ GAS ATSUKI', 'AMORTIGUADOR TOYOTA AVANZA DEL IZQ GAS ATSUKI', 74.57, 'Izquierdo', false, true, 2, '2026-06-30 20:43:11.097');
INSERT INTO productos (id, codigo, nombre, descripcion, precio, medidas, destacado, activo, categoria_id, fecha_creacion) OVERRIDING SYSTEM VALUE VALUES (157, 'P023451', 'AMORTIGUADOR TOYOTA AVANZA DEL DER GAS ATSUKI', 'AMORTIGUADOR TOYOTA AVANZA DEL DER GAS ATSUKI', 74.57, 'Derecho', false, true, 2, '2026-06-30 20:43:11.097');
INSERT INTO productos (id, codigo, nombre, descripcion, precio, medidas, destacado, activo, categoria_id, fecha_creacion) OVERRIDING SYSTEM VALUE VALUES (158, 'P015919', 'KIT EMBRAGUE DAEWOO TICO/MATIZ/SUZUKI ALTO', 'KIT EMBRAGUE DAEWOO TICO/MATIZ/SUZUKI ALTO 2 PIEZAS', 107.73, '2 piezas', false, true, 1, '2026-06-30 20:43:11.097');
INSERT INTO productos (id, codigo, nombre, descripcion, precio, medidas, destacado, activo, categoria_id, fecha_creacion) OVERRIDING SYSTEM VALUE VALUES (159, 'P015922', 'KIT EMBRAGUE HYUNDAI ACCENT/ELANTRA/KIA RIO', 'KIT EMBRAGUE HYUNDAI ACCENT/ELANTRA/KIA RIO/CERATO 2 PIEZAS', 225.79, '2 piezas', false, true, 1, '2026-06-30 20:43:11.097');
INSERT INTO productos (id, codigo, nombre, descripcion, precio, medidas, destacado, activo, categoria_id, fecha_creacion) OVERRIDING SYSTEM VALUE VALUES (160, 'P016209', 'KIT EMBRAGUE KIA PICANTO/I10 1.1 EON', 'KIT EMBRAGUE KIA PICANTO/I10 1.1 EON 2 PIEZAS', 107.73, '2 piezas', false, true, 1, '2026-06-30 20:43:11.097');
INSERT INTO productos (id, codigo, nombre, descripcion, precio, medidas, destacado, activo, categoria_id, fecha_creacion) OVERRIDING SYSTEM VALUE VALUES (161, '9951551', 'BOCAMAZA RUEDA POST TOYOTA PROBOX 4H CON ABS', 'BOCAMAZA RUEDA POST TOYOTA PROBOX 4H CON ABS', 86.02, 'Universal', false, true, 2, '2026-06-30 20:43:11.097');
INSERT INTO productos (id, codigo, nombre, descripcion, precio, medidas, destacado, activo, categoria_id, fecha_creacion) OVERRIDING SYSTEM VALUE VALUES (162, 'P015321', 'BOCAMAZA RUEDA DEL NISSAN TIIDA 3H SIN ABS', 'BOCAMAZA RUEDA DEL NISSAN TIIDA 3H SIN ABS ARO15', 82.19, 'Universal', false, true, 2, '2026-06-30 20:43:11.097');
INSERT INTO productos (id, codigo, nombre, descripcion, precio, medidas, destacado, activo, categoria_id, fecha_creacion) OVERRIDING SYSTEM VALUE VALUES (163, '9942455', 'MUNON RUEDA CHEVROLET AVEO 1.4L DEL IZQ', 'MUNON RUEDA CHEVROLET AVEO 1.4L DEL IZQ WURTEX', 72.74, 'Izquierdo', false, true, 2, '2026-06-30 20:43:11.097');
INSERT INTO productos (id, codigo, nombre, descripcion, precio, medidas, destacado, activo, categoria_id, fecha_creacion) OVERRIDING SYSTEM VALUE VALUES (164, '9942456', 'MUNON RUEDA CHEVROLET AVEO 1.4L DEL DER', 'MUNON RUEDA CHEVROLET AVEO 1.4L DEL DER WURTEX', 72.74, 'Derecho', false, true, 2, '2026-06-30 20:43:11.097');
INSERT INTO productos (id, codigo, nombre, descripcion, precio, medidas, destacado, activo, categoria_id, fecha_creacion) OVERRIDING SYSTEM VALUE VALUES (165, '0023131', 'FILTRO GASOLINA TOYOTA COROLLA/SPRINTER 4A/5A', 'FILTRO GASOLINA TOYOTA COROLLA/SPRINTER 4A/5A/5E STP', 9.90, 'Universal', false, true, 6, '2026-06-30 20:43:11.097');
INSERT INTO productos (id, codigo, nombre, descripcion, precio, medidas, destacado, activo, categoria_id, fecha_creacion) OVERRIDING SYSTEM VALUE VALUES (166, 'P025098', 'KIT EMBRAGUE TOYOTA AVANZA/RUSH 2NR/3SZ LUK', 'KIT EMBRAGUE TOYOTA AVANZA/RUSH 2NR/3SZ LUK 3 PIEZAS', 344.38, '3 piezas', true, true, 1, '2026-06-30 20:43:11.097');
INSERT INTO productos (id, codigo, nombre, descripcion, precio, medidas, destacado, activo, categoria_id, fecha_creacion) OVERRIDING SYSTEM VALUE VALUES (167, '9947438', 'PALIER CHEVROLET AVEO/CORSA EXT 22x22x52 29T', 'PALIER CHEVROLET AVEO/CORSA EXT 22x22x52 29T WURTEX', 33.68, 'Universal', false, true, 2, '2026-06-30 20:43:11.118');
INSERT INTO productos (id, codigo, nombre, descripcion, precio, medidas, destacado, activo, categoria_id, fecha_creacion) OVERRIDING SYSTEM VALUE VALUES (168, '9954665', 'BOMBA AGUA CHEVROLET F14D SAIL 1.4 TOTO', 'BOMBA AGUA CHEVROLET F14D SAIL 1.4 TOTO', 47.04, 'Universal', false, true, 6, '2026-06-30 20:43:11.118');
INSERT INTO productos (id, codigo, nombre, descripcion, precio, medidas, destacado, activo, categoria_id, fecha_creacion) OVERRIDING SYSTEM VALUE VALUES (169, '9955411', 'TRAPECIO TOYOTA AVANZA 1.5 2NRVE DEL INF DER', 'TRAPECIO TOYOTA AVANZA 1.5 2NRVE DEL INF DER WURTEX', 68.87, 'Derecho', false, true, 2, '2026-06-30 20:43:11.118');
INSERT INTO productos (id, codigo, nombre, descripcion, precio, medidas, destacado, activo, categoria_id, fecha_creacion) OVERRIDING SYSTEM VALUE VALUES (170, '9955412', 'TRAPECIO TOYOTA AVANZA 1.5 2NRVE DEL INF IZQ', 'TRAPECIO TOYOTA AVANZA 1.5 2NRVE DEL INF IZQ WURTEX', 68.87, 'Izquierdo', false, true, 2, '2026-06-30 20:43:11.118');
INSERT INTO productos (id, codigo, nombre, descripcion, precio, medidas, destacado, activo, categoria_id, fecha_creacion) OVERRIDING SYSTEM VALUE VALUES (171, '9962207', 'PALIER HYUNDAI GRAN I10 EXT 25x21x52 48T', 'PALIER HYUNDAI GRAN I10 EXT 25x21x52.50 48T WURTEX', 35.39, 'Universal', false, true, 2, '2026-06-30 20:43:11.118');
INSERT INTO productos (id, codigo, nombre, descripcion, precio, medidas, destacado, activo, categoria_id, fecha_creacion) OVERRIDING SYSTEM VALUE VALUES (172, 'P021983', 'TERMINAL DIRECCION TOYOTA COROLLA 1ZZ EXT', 'TERMINAL DIRECCION TOYOTA COROLLA 1ZZ EXT DER/IZQ CTR', 36.95, 'Universal', false, true, 4, '2026-06-30 20:43:11.118');
INSERT INTO productos (id, codigo, nombre, descripcion, precio, medidas, destacado, activo, categoria_id, fecha_creacion) OVERRIDING SYSTEM VALUE VALUES (173, 'P021984', 'TERMINAL DIRECCION TOYOTA YARIS 2014 IZQ CTR', 'TERMINAL DIRECCION TOYOTA YARIS 2014 IZQ CTR', 35.79, 'Izquierdo', false, true, 4, '2026-06-30 20:43:11.118');
INSERT INTO productos (id, codigo, nombre, descripcion, precio, medidas, destacado, activo, categoria_id, fecha_creacion) OVERRIDING SYSTEM VALUE VALUES (174, 'P022265', 'ESTABILIZADOR MITSUBISHI L200 DEL DER CTR', 'ESTABILIZADOR MITSUBISHI L200 DEL DER CTR', 39.70, 'Derecho', false, true, 2, '2026-06-30 20:43:11.118');
INSERT INTO productos (id, codigo, nombre, descripcion, precio, medidas, destacado, activo, categoria_id, fecha_creacion) OVERRIDING SYSTEM VALUE VALUES (175, 'P022268', 'ESTABILIZADOR NISSAN NAVARA D40 DEL IZQ CTR', 'ESTABILIZADOR NISSAN NAVARA D40 DEL IZQ CTR', 35.39, 'Izquierdo', false, true, 2, '2026-06-30 20:43:11.118');
INSERT INTO productos (id, codigo, nombre, descripcion, precio, medidas, destacado, activo, categoria_id, fecha_creacion) OVERRIDING SYSTEM VALUE VALUES (176, 'P022271', 'ESTABILIZADOR TOYOTA COROLLA DEL DER/IZQ CTR', 'ESTABILIZADOR TOYOTA COROLLA DEL DER/IZQ CTR', 34.71, 'Universal', false, true, 2, '2026-06-30 20:43:11.118');
INSERT INTO productos (id, codigo, nombre, descripcion, precio, medidas, destacado, activo, categoria_id, fecha_creacion) OVERRIDING SYSTEM VALUE VALUES (177, 'P022285', 'ROTULA KIA PICANTO/GRAN I10/RIO SIN HILO CTR', 'ROTULA KIA PICANTO/GRAN I10/RIO SIN HILO CTR', 37.31, 'Universal', false, true, 2, '2026-06-30 20:43:11.118');
INSERT INTO productos (id, codigo, nombre, descripcion, precio, medidas, destacado, activo, categoria_id, fecha_creacion) OVERRIDING SYSTEM VALUE VALUES (178, 'P022315', 'TERMINAL DIRECCION TOYOTA HIACE 5L EXT CTR', 'TERMINAL DIRECCION TOYOTA HIACE 5L EXT DER/IZQ CTR', 33.16, 'Universal', false, true, 4, '2026-06-30 20:43:11.118');
INSERT INTO productos (id, codigo, nombre, descripcion, precio, medidas, destacado, activo, categoria_id, fecha_creacion) OVERRIDING SYSTEM VALUE VALUES (179, '0013697', 'RACK TOYOTA YARIS 255MM CTR', 'RACK TOYOTA YARIS 255MM CTR', 37.31, '255MM', false, true, 4, '2026-06-30 20:43:11.118');
INSERT INTO productos (id, codigo, nombre, descripcion, precio, medidas, destacado, activo, categoria_id, fecha_creacion) OVERRIDING SYSTEM VALUE VALUES (180, '9962013', 'ESTABILIZADOR MITSUBISHI L200 4D56U DEL DER', 'ESTABILIZADOR MITSUBISHI L200 4D56U DEL DER CTR', 37.31, 'Derecho', false, true, 2, '2026-06-30 20:43:11.118');
INSERT INTO productos (id, codigo, nombre, descripcion, precio, medidas, destacado, activo, categoria_id, fecha_creacion) OVERRIDING SYSTEM VALUE VALUES (181, '9962014', 'ESTABILIZADOR MITSUBISHI L200 4D56U DEL IZQ', 'ESTABILIZADOR MITSUBISHI L200 4D56U DEL IZQ CTR', 37.31, 'Izquierdo', false, true, 2, '2026-06-30 20:43:11.118');
INSERT INTO productos (id, codigo, nombre, descripcion, precio, medidas, destacado, activo, categoria_id, fecha_creacion) OVERRIDING SYSTEM VALUE VALUES (182, 'P015606', 'RODAJE RUEDA DEL NISSAN SENTRA B13 WURTEX', 'RODAJE RUEDA DEL NISSAN SENTRA B13 WURTEX', 12.49, 'Universal', false, true, 2, '2026-06-30 20:43:11.118');
INSERT INTO productos (id, codigo, nombre, descripcion, precio, medidas, destacado, activo, categoria_id, fecha_creacion) OVERRIDING SYSTEM VALUE VALUES (183, '9953429', 'ESTABILIZADOR TOYOTA HILUX 4X4 DEL DER STP', 'ESTABILIZADOR TOYOTA HILUX 4X4 DEL DER STP', 23.34, 'Derecho', false, true, 2, '2026-06-30 20:43:11.118');
INSERT INTO productos (id, codigo, nombre, descripcion, precio, medidas, destacado, activo, categoria_id, fecha_creacion) OVERRIDING SYSTEM VALUE VALUES (184, '9953430', 'ESTABILIZADOR TOYOTA HILUX 4X4 DEL IZQ STP', 'ESTABILIZADOR TOYOTA HILUX 4X4 DEL IZQ STP', 23.34, 'Izquierdo', false, true, 2, '2026-06-30 20:43:11.118');
INSERT INTO productos (id, codigo, nombre, descripcion, precio, medidas, destacado, activo, categoria_id, fecha_creacion) OVERRIDING SYSTEM VALUE VALUES (185, 'P013597', 'JUEGO EMPAQUES TOYOTA HILUX 1KDFTV METAL 16V', 'JUEGO EMPAQUES TOYOTA HILUX 1KDFTV METAL 16V', 148.27, 'Metal 16V', false, true, 1, '2026-06-30 20:43:11.118');
INSERT INTO productos (id, codigo, nombre, descripcion, precio, medidas, destacado, activo, categoria_id, fecha_creacion) OVERRIDING SYSTEM VALUE VALUES (186, 'P013605', 'JUEGO EMPAQUES TOYOTA YARIS/PROBOX 1NZFE GRAFITO', 'JUEGO EMPAQUES TOYOTA YARIS/PROBOX 1NZFE/2NZFE GRAFITO', 76.53, 'Grafito', false, true, 1, '2026-06-30 20:43:11.118');
INSERT INTO productos (id, codigo, nombre, descripcion, precio, medidas, destacado, activo, categoria_id, fecha_creacion) OVERRIDING SYSTEM VALUE VALUES (187, 'P015377', 'JUEGO EMPAQUES TOYOTA YARIS/PROBOX 1NZFE METAL', 'JUEGO EMPAQUES TOYOTA YARIS/PROBOX 1NZFE/2NZFE METAL', 69.94, 'Metal', false, true, 1, '2026-06-30 20:43:11.132');
INSERT INTO productos (id, codigo, nombre, descripcion, precio, medidas, destacado, activo, categoria_id, fecha_creacion) OVERRIDING SYSTEM VALUE VALUES (188, '9957496', 'BOMBA ACEITE SUZUKI ALTO F8DN 0.8 TOTO', 'BOMBA ACEITE SUZUKI ALTO F8DN 0.8 CON SENSOR TOTO', 78.88, 'Universal', false, true, 6, '2026-06-30 20:43:11.132');
-- ===== INVENTARIO =====
INSERT INTO inventario (id, producto_id, stock, stock_minimo, ultima_actualizacion) OVERRIDING SYSTEM VALUE VALUES (1, 1, 10, 3, '2026-06-30 19:50:23.528');
INSERT INTO inventario (id, producto_id, stock, stock_minimo, ultima_actualizacion) OVERRIDING SYSTEM VALUE VALUES (2, 2, 8, 3, '2026-06-15 08:30:06.073');
INSERT INTO inventario (id, producto_id, stock, stock_minimo, ultima_actualizacion) OVERRIDING SYSTEM VALUE VALUES (3, 3, 4, 2, '2026-07-07 21:24:54.494');
INSERT INTO inventario (id, producto_id, stock, stock_minimo, ultima_actualizacion) OVERRIDING SYSTEM VALUE VALUES (4, 4, 20, 5, '2026-06-15 08:30:06.073');
INSERT INTO inventario (id, producto_id, stock, stock_minimo, ultima_actualizacion) OVERRIDING SYSTEM VALUE VALUES (5, 5, 14, 5, '2026-07-07 21:24:54.494');
INSERT INTO inventario (id, producto_id, stock, stock_minimo, ultima_actualizacion) OVERRIDING SYSTEM VALUE VALUES (6, 6, 15, 5, '2026-06-15 08:30:06.073');
INSERT INTO inventario (id, producto_id, stock, stock_minimo, ultima_actualizacion) OVERRIDING SYSTEM VALUE VALUES (7, 7, 9, 3, '2026-07-07 21:24:54.494');
INSERT INTO inventario (id, producto_id, stock, stock_minimo, ultima_actualizacion) OVERRIDING SYSTEM VALUE VALUES (8, 8, 17, 5, '2026-06-30 19:50:23.528');
INSERT INTO inventario (id, producto_id, stock, stock_minimo, ultima_actualizacion) OVERRIDING SYSTEM VALUE VALUES (9, 20, 8, 3, '2026-06-21 08:12:17.941');
INSERT INTO inventario (id, producto_id, stock, stock_minimo, ultima_actualizacion) OVERRIDING SYSTEM VALUE VALUES (10, 21, 10, 3, '2026-06-21 08:12:17.941');
INSERT INTO inventario (id, producto_id, stock, stock_minimo, ultima_actualizacion) OVERRIDING SYSTEM VALUE VALUES (11, 17, 8, 3, '2026-06-21 08:12:17.941');
INSERT INTO inventario (id, producto_id, stock, stock_minimo, ultima_actualizacion) OVERRIDING SYSTEM VALUE VALUES (12, 9, 10, 3, '2026-06-21 08:12:17.941');
INSERT INTO inventario (id, producto_id, stock, stock_minimo, ultima_actualizacion) OVERRIDING SYSTEM VALUE VALUES (13, 16, 10, 3, '2026-06-21 08:12:17.941');
INSERT INTO inventario (id, producto_id, stock, stock_minimo, ultima_actualizacion) OVERRIDING SYSTEM VALUE VALUES (14, 18, 15, 3, '2026-06-21 08:12:17.941');
INSERT INTO inventario (id, producto_id, stock, stock_minimo, ultima_actualizacion) OVERRIDING SYSTEM VALUE VALUES (15, 13, 10, 3, '2026-06-21 08:12:17.941');
INSERT INTO inventario (id, producto_id, stock, stock_minimo, ultima_actualizacion) OVERRIDING SYSTEM VALUE VALUES (16, 12, 10, 3, '2026-06-21 08:12:17.941');
INSERT INTO inventario (id, producto_id, stock, stock_minimo, ultima_actualizacion) OVERRIDING SYSTEM VALUE VALUES (17, 23, 10, 3, '2026-06-21 08:12:17.941');
INSERT INTO inventario (id, producto_id, stock, stock_minimo, ultima_actualizacion) OVERRIDING SYSTEM VALUE VALUES (18, 24, 10, 3, '2026-06-21 08:12:17.941');
INSERT INTO inventario (id, producto_id, stock, stock_minimo, ultima_actualizacion) OVERRIDING SYSTEM VALUE VALUES (19, 22, 15, 3, '2026-06-21 08:12:17.941');
INSERT INTO inventario (id, producto_id, stock, stock_minimo, ultima_actualizacion) OVERRIDING SYSTEM VALUE VALUES (20, 25, 8, 3, '2026-06-21 08:12:17.941');
INSERT INTO inventario (id, producto_id, stock, stock_minimo, ultima_actualizacion) OVERRIDING SYSTEM VALUE VALUES (21, 14, 15, 3, '2026-06-21 08:12:17.941');
INSERT INTO inventario (id, producto_id, stock, stock_minimo, ultima_actualizacion) OVERRIDING SYSTEM VALUE VALUES (22, 11, 10, 3, '2026-06-21 08:12:17.941');
INSERT INTO inventario (id, producto_id, stock, stock_minimo, ultima_actualizacion) OVERRIDING SYSTEM VALUE VALUES (23, 10, 10, 3, '2026-06-21 08:12:17.941');
INSERT INTO inventario (id, producto_id, stock, stock_minimo, ultima_actualizacion) OVERRIDING SYSTEM VALUE VALUES (24, 19, 10, 3, '2026-06-21 08:12:17.941');
INSERT INTO inventario (id, producto_id, stock, stock_minimo, ultima_actualizacion) OVERRIDING SYSTEM VALUE VALUES (25, 15, 10, 3, '2026-06-21 08:12:17.941');
INSERT INTO inventario (id, producto_id, stock, stock_minimo, ultima_actualizacion) OVERRIDING SYSTEM VALUE VALUES (26, 26, 10, 5, '2026-06-30 19:03:36.722');
INSERT INTO inventario (id, producto_id, stock, stock_minimo, ultima_actualizacion) OVERRIDING SYSTEM VALUE VALUES (27, 27, 10, 2, '2026-06-30 20:43:27.172');
INSERT INTO inventario (id, producto_id, stock, stock_minimo, ultima_actualizacion) OVERRIDING SYSTEM VALUE VALUES (28, 28, 10, 2, '2026-06-30 20:43:27.172');
INSERT INTO inventario (id, producto_id, stock, stock_minimo, ultima_actualizacion) OVERRIDING SYSTEM VALUE VALUES (29, 29, 10, 2, '2026-06-30 20:43:27.172');
INSERT INTO inventario (id, producto_id, stock, stock_minimo, ultima_actualizacion) OVERRIDING SYSTEM VALUE VALUES (30, 30, 3, 2, '2026-06-30 20:43:27.172');
INSERT INTO inventario (id, producto_id, stock, stock_minimo, ultima_actualizacion) OVERRIDING SYSTEM VALUE VALUES (31, 31, 5, 2, '2026-06-30 20:43:27.172');
INSERT INTO inventario (id, producto_id, stock, stock_minimo, ultima_actualizacion) OVERRIDING SYSTEM VALUE VALUES (32, 32, 10, 2, '2026-06-30 20:43:27.172');
INSERT INTO inventario (id, producto_id, stock, stock_minimo, ultima_actualizacion) OVERRIDING SYSTEM VALUE VALUES (33, 33, 10, 2, '2026-06-30 20:43:27.172');
INSERT INTO inventario (id, producto_id, stock, stock_minimo, ultima_actualizacion) OVERRIDING SYSTEM VALUE VALUES (34, 34, 3, 2, '2026-06-30 20:43:27.172');
INSERT INTO inventario (id, producto_id, stock, stock_minimo, ultima_actualizacion) OVERRIDING SYSTEM VALUE VALUES (35, 35, 3, 2, '2026-06-30 20:43:27.172');
INSERT INTO inventario (id, producto_id, stock, stock_minimo, ultima_actualizacion) OVERRIDING SYSTEM VALUE VALUES (36, 36, 5, 2, '2026-06-30 20:43:27.172');
INSERT INTO inventario (id, producto_id, stock, stock_minimo, ultima_actualizacion) OVERRIDING SYSTEM VALUE VALUES (37, 37, 5, 2, '2026-06-30 20:43:27.172');
INSERT INTO inventario (id, producto_id, stock, stock_minimo, ultima_actualizacion) OVERRIDING SYSTEM VALUE VALUES (38, 38, 10, 2, '2026-06-30 20:43:27.172');
INSERT INTO inventario (id, producto_id, stock, stock_minimo, ultima_actualizacion) OVERRIDING SYSTEM VALUE VALUES (39, 39, 10, 2, '2026-06-30 20:43:27.172');
INSERT INTO inventario (id, producto_id, stock, stock_minimo, ultima_actualizacion) OVERRIDING SYSTEM VALUE VALUES (40, 40, 10, 2, '2026-06-30 20:43:27.172');
INSERT INTO inventario (id, producto_id, stock, stock_minimo, ultima_actualizacion) OVERRIDING SYSTEM VALUE VALUES (41, 41, 10, 2, '2026-06-30 20:43:27.172');
INSERT INTO inventario (id, producto_id, stock, stock_minimo, ultima_actualizacion) OVERRIDING SYSTEM VALUE VALUES (42, 42, 10, 2, '2026-06-30 20:43:27.172');
INSERT INTO inventario (id, producto_id, stock, stock_minimo, ultima_actualizacion) OVERRIDING SYSTEM VALUE VALUES (43, 43, 10, 2, '2026-06-30 20:43:27.172');
INSERT INTO inventario (id, producto_id, stock, stock_minimo, ultima_actualizacion) OVERRIDING SYSTEM VALUE VALUES (44, 44, 10, 2, '2026-06-30 20:43:27.172');
INSERT INTO inventario (id, producto_id, stock, stock_minimo, ultima_actualizacion) OVERRIDING SYSTEM VALUE VALUES (45, 45, 10, 2, '2026-06-30 20:43:27.172');
INSERT INTO inventario (id, producto_id, stock, stock_minimo, ultima_actualizacion) OVERRIDING SYSTEM VALUE VALUES (46, 46, 5, 2, '2026-06-30 20:43:27.172');
INSERT INTO inventario (id, producto_id, stock, stock_minimo, ultima_actualizacion) OVERRIDING SYSTEM VALUE VALUES (47, 47, 5, 2, '2026-06-30 20:43:27.172');
INSERT INTO inventario (id, producto_id, stock, stock_minimo, ultima_actualizacion) OVERRIDING SYSTEM VALUE VALUES (48, 48, 5, 2, '2026-06-30 20:43:27.172');
INSERT INTO inventario (id, producto_id, stock, stock_minimo, ultima_actualizacion) OVERRIDING SYSTEM VALUE VALUES (49, 49, 5, 2, '2026-06-30 20:43:27.172');
INSERT INTO inventario (id, producto_id, stock, stock_minimo, ultima_actualizacion) OVERRIDING SYSTEM VALUE VALUES (50, 50, 5, 2, '2026-06-30 20:43:27.172');
INSERT INTO inventario (id, producto_id, stock, stock_minimo, ultima_actualizacion) OVERRIDING SYSTEM VALUE VALUES (51, 51, 5, 2, '2026-06-30 20:43:27.172');
INSERT INTO inventario (id, producto_id, stock, stock_minimo, ultima_actualizacion) OVERRIDING SYSTEM VALUE VALUES (52, 52, 3, 2, '2026-06-30 20:43:27.172');
INSERT INTO inventario (id, producto_id, stock, stock_minimo, ultima_actualizacion) OVERRIDING SYSTEM VALUE VALUES (53, 53, 10, 2, '2026-06-30 20:43:27.172');
INSERT INTO inventario (id, producto_id, stock, stock_minimo, ultima_actualizacion) OVERRIDING SYSTEM VALUE VALUES (54, 54, 10, 2, '2026-06-30 20:43:27.172');
INSERT INTO inventario (id, producto_id, stock, stock_minimo, ultima_actualizacion) OVERRIDING SYSTEM VALUE VALUES (55, 55, 10, 2, '2026-06-30 20:43:27.172');
INSERT INTO inventario (id, producto_id, stock, stock_minimo, ultima_actualizacion) OVERRIDING SYSTEM VALUE VALUES (56, 56, 10, 2, '2026-06-30 20:43:27.172');
INSERT INTO inventario (id, producto_id, stock, stock_minimo, ultima_actualizacion) OVERRIDING SYSTEM VALUE VALUES (57, 57, 5, 2, '2026-06-30 20:43:27.172');
INSERT INTO inventario (id, producto_id, stock, stock_minimo, ultima_actualizacion) OVERRIDING SYSTEM VALUE VALUES (58, 58, 3, 2, '2026-06-30 20:43:27.172');
INSERT INTO inventario (id, producto_id, stock, stock_minimo, ultima_actualizacion) OVERRIDING SYSTEM VALUE VALUES (59, 59, 3, 2, '2026-06-30 20:43:27.172');
INSERT INTO inventario (id, producto_id, stock, stock_minimo, ultima_actualizacion) OVERRIDING SYSTEM VALUE VALUES (60, 60, 5, 2, '2026-06-30 20:43:27.172');
INSERT INTO inventario (id, producto_id, stock, stock_minimo, ultima_actualizacion) OVERRIDING SYSTEM VALUE VALUES (61, 61, 5, 2, '2026-06-30 20:43:27.172');
INSERT INTO inventario (id, producto_id, stock, stock_minimo, ultima_actualizacion) OVERRIDING SYSTEM VALUE VALUES (62, 62, 2, 2, '2026-06-30 20:43:27.172');
INSERT INTO inventario (id, producto_id, stock, stock_minimo, ultima_actualizacion) OVERRIDING SYSTEM VALUE VALUES (63, 63, 2, 2, '2026-06-30 20:43:27.172');
INSERT INTO inventario (id, producto_id, stock, stock_minimo, ultima_actualizacion) OVERRIDING SYSTEM VALUE VALUES (64, 64, 2, 2, '2026-06-30 20:43:27.172');
INSERT INTO inventario (id, producto_id, stock, stock_minimo, ultima_actualizacion) OVERRIDING SYSTEM VALUE VALUES (65, 65, 3, 2, '2026-06-30 20:43:27.172');
INSERT INTO inventario (id, producto_id, stock, stock_minimo, ultima_actualizacion) OVERRIDING SYSTEM VALUE VALUES (66, 66, 5, 2, '2026-06-30 20:43:27.172');
INSERT INTO inventario (id, producto_id, stock, stock_minimo, ultima_actualizacion) OVERRIDING SYSTEM VALUE VALUES (67, 67, 3, 2, '2026-06-30 20:43:27.172');
INSERT INTO inventario (id, producto_id, stock, stock_minimo, ultima_actualizacion) OVERRIDING SYSTEM VALUE VALUES (68, 68, 3, 2, '2026-06-30 20:43:27.172');
INSERT INTO inventario (id, producto_id, stock, stock_minimo, ultima_actualizacion) OVERRIDING SYSTEM VALUE VALUES (69, 69, 10, 2, '2026-06-30 20:43:27.172');
INSERT INTO inventario (id, producto_id, stock, stock_minimo, ultima_actualizacion) OVERRIDING SYSTEM VALUE VALUES (70, 70, 5, 2, '2026-06-30 20:43:27.172');
INSERT INTO inventario (id, producto_id, stock, stock_minimo, ultima_actualizacion) OVERRIDING SYSTEM VALUE VALUES (71, 71, 5, 2, '2026-06-30 20:43:27.172');
INSERT INTO inventario (id, producto_id, stock, stock_minimo, ultima_actualizacion) OVERRIDING SYSTEM VALUE VALUES (72, 72, 2, 2, '2026-06-30 20:43:27.172');
INSERT INTO inventario (id, producto_id, stock, stock_minimo, ultima_actualizacion) OVERRIDING SYSTEM VALUE VALUES (73, 73, 5, 2, '2026-06-30 20:43:27.172');
INSERT INTO inventario (id, producto_id, stock, stock_minimo, ultima_actualizacion) OVERRIDING SYSTEM VALUE VALUES (74, 74, 10, 2, '2026-06-30 20:43:27.172');
INSERT INTO inventario (id, producto_id, stock, stock_minimo, ultima_actualizacion) OVERRIDING SYSTEM VALUE VALUES (75, 75, 10, 2, '2026-06-30 20:43:27.172');
INSERT INTO inventario (id, producto_id, stock, stock_minimo, ultima_actualizacion) OVERRIDING SYSTEM VALUE VALUES (76, 76, 10, 2, '2026-06-30 20:43:27.172');
INSERT INTO inventario (id, producto_id, stock, stock_minimo, ultima_actualizacion) OVERRIDING SYSTEM VALUE VALUES (77, 77, 10, 2, '2026-06-30 20:43:27.172');
INSERT INTO inventario (id, producto_id, stock, stock_minimo, ultima_actualizacion) OVERRIDING SYSTEM VALUE VALUES (78, 78, 10, 2, '2026-06-30 20:43:27.172');
INSERT INTO inventario (id, producto_id, stock, stock_minimo, ultima_actualizacion) OVERRIDING SYSTEM VALUE VALUES (79, 79, 10, 2, '2026-06-30 20:43:27.172');
INSERT INTO inventario (id, producto_id, stock, stock_minimo, ultima_actualizacion) OVERRIDING SYSTEM VALUE VALUES (80, 80, 10, 2, '2026-06-30 20:43:27.172');
INSERT INTO inventario (id, producto_id, stock, stock_minimo, ultima_actualizacion) OVERRIDING SYSTEM VALUE VALUES (81, 81, 10, 2, '2026-06-30 20:43:27.172');
INSERT INTO inventario (id, producto_id, stock, stock_minimo, ultima_actualizacion) OVERRIDING SYSTEM VALUE VALUES (82, 82, 10, 2, '2026-06-30 20:43:27.172');
INSERT INTO inventario (id, producto_id, stock, stock_minimo, ultima_actualizacion) OVERRIDING SYSTEM VALUE VALUES (83, 83, 10, 2, '2026-06-30 20:43:27.172');
INSERT INTO inventario (id, producto_id, stock, stock_minimo, ultima_actualizacion) OVERRIDING SYSTEM VALUE VALUES (84, 84, 10, 2, '2026-06-30 20:43:27.172');
INSERT INTO inventario (id, producto_id, stock, stock_minimo, ultima_actualizacion) OVERRIDING SYSTEM VALUE VALUES (85, 85, 5, 2, '2026-06-30 20:43:27.172');
INSERT INTO inventario (id, producto_id, stock, stock_minimo, ultima_actualizacion) OVERRIDING SYSTEM VALUE VALUES (86, 86, 10, 2, '2026-06-30 20:43:27.172');
INSERT INTO inventario (id, producto_id, stock, stock_minimo, ultima_actualizacion) OVERRIDING SYSTEM VALUE VALUES (87, 87, 3, 2, '2026-06-30 20:43:27.172');
INSERT INTO inventario (id, producto_id, stock, stock_minimo, ultima_actualizacion) OVERRIDING SYSTEM VALUE VALUES (88, 88, 10, 2, '2026-06-30 20:43:27.172');
INSERT INTO inventario (id, producto_id, stock, stock_minimo, ultima_actualizacion) OVERRIDING SYSTEM VALUE VALUES (89, 89, 5, 2, '2026-06-30 20:43:27.172');
INSERT INTO inventario (id, producto_id, stock, stock_minimo, ultima_actualizacion) OVERRIDING SYSTEM VALUE VALUES (90, 90, 5, 2, '2026-06-30 20:43:27.172');
INSERT INTO inventario (id, producto_id, stock, stock_minimo, ultima_actualizacion) OVERRIDING SYSTEM VALUE VALUES (91, 91, 10, 2, '2026-06-30 20:43:27.172');
INSERT INTO inventario (id, producto_id, stock, stock_minimo, ultima_actualizacion) OVERRIDING SYSTEM VALUE VALUES (92, 92, 5, 2, '2026-06-30 20:43:27.172');
INSERT INTO inventario (id, producto_id, stock, stock_minimo, ultima_actualizacion) OVERRIDING SYSTEM VALUE VALUES (93, 93, 10, 2, '2026-06-30 20:43:27.172');
INSERT INTO inventario (id, producto_id, stock, stock_minimo, ultima_actualizacion) OVERRIDING SYSTEM VALUE VALUES (94, 94, 10, 2, '2026-06-30 20:43:27.172');
INSERT INTO inventario (id, producto_id, stock, stock_minimo, ultima_actualizacion) OVERRIDING SYSTEM VALUE VALUES (95, 95, 10, 2, '2026-06-30 20:43:27.172');
INSERT INTO inventario (id, producto_id, stock, stock_minimo, ultima_actualizacion) OVERRIDING SYSTEM VALUE VALUES (96, 96, 10, 2, '2026-06-30 20:43:27.172');
INSERT INTO inventario (id, producto_id, stock, stock_minimo, ultima_actualizacion) OVERRIDING SYSTEM VALUE VALUES (97, 97, 10, 2, '2026-06-30 20:43:27.172');
INSERT INTO inventario (id, producto_id, stock, stock_minimo, ultima_actualizacion) OVERRIDING SYSTEM VALUE VALUES (98, 98, 10, 2, '2026-06-30 20:43:27.172');
INSERT INTO inventario (id, producto_id, stock, stock_minimo, ultima_actualizacion) OVERRIDING SYSTEM VALUE VALUES (99, 99, 10, 2, '2026-06-30 20:43:27.172');
INSERT INTO inventario (id, producto_id, stock, stock_minimo, ultima_actualizacion) OVERRIDING SYSTEM VALUE VALUES (100, 100, 10, 2, '2026-06-30 20:43:27.172');
INSERT INTO inventario (id, producto_id, stock, stock_minimo, ultima_actualizacion) OVERRIDING SYSTEM VALUE VALUES (101, 101, 10, 2, '2026-06-30 20:43:27.172');
INSERT INTO inventario (id, producto_id, stock, stock_minimo, ultima_actualizacion) OVERRIDING SYSTEM VALUE VALUES (102, 102, 10, 2, '2026-06-30 20:43:27.172');
INSERT INTO inventario (id, producto_id, stock, stock_minimo, ultima_actualizacion) OVERRIDING SYSTEM VALUE VALUES (103, 103, 10, 2, '2026-06-30 20:43:27.172');
INSERT INTO inventario (id, producto_id, stock, stock_minimo, ultima_actualizacion) OVERRIDING SYSTEM VALUE VALUES (104, 104, 10, 2, '2026-06-30 20:43:27.172');
INSERT INTO inventario (id, producto_id, stock, stock_minimo, ultima_actualizacion) OVERRIDING SYSTEM VALUE VALUES (105, 105, 10, 2, '2026-06-30 20:43:27.172');
INSERT INTO inventario (id, producto_id, stock, stock_minimo, ultima_actualizacion) OVERRIDING SYSTEM VALUE VALUES (106, 106, 10, 2, '2026-06-30 20:43:27.172');
INSERT INTO inventario (id, producto_id, stock, stock_minimo, ultima_actualizacion) OVERRIDING SYSTEM VALUE VALUES (107, 107, 10, 2, '2026-06-30 20:43:27.172');
INSERT INTO inventario (id, producto_id, stock, stock_minimo, ultima_actualizacion) OVERRIDING SYSTEM VALUE VALUES (108, 108, 5, 2, '2026-06-30 20:43:27.172');
INSERT INTO inventario (id, producto_id, stock, stock_minimo, ultima_actualizacion) OVERRIDING SYSTEM VALUE VALUES (109, 109, 10, 2, '2026-06-30 20:43:27.172');
INSERT INTO inventario (id, producto_id, stock, stock_minimo, ultima_actualizacion) OVERRIDING SYSTEM VALUE VALUES (110, 110, 5, 2, '2026-06-30 20:43:27.172');
INSERT INTO inventario (id, producto_id, stock, stock_minimo, ultima_actualizacion) OVERRIDING SYSTEM VALUE VALUES (111, 111, 10, 2, '2026-06-30 20:43:27.172');
INSERT INTO inventario (id, producto_id, stock, stock_minimo, ultima_actualizacion) OVERRIDING SYSTEM VALUE VALUES (112, 112, 10, 2, '2026-06-30 20:43:27.172');
INSERT INTO inventario (id, producto_id, stock, stock_minimo, ultima_actualizacion) OVERRIDING SYSTEM VALUE VALUES (113, 113, 3, 2, '2026-06-30 20:43:27.172');
INSERT INTO inventario (id, producto_id, stock, stock_minimo, ultima_actualizacion) OVERRIDING SYSTEM VALUE VALUES (114, 114, 3, 2, '2026-06-30 20:43:27.172');
INSERT INTO inventario (id, producto_id, stock, stock_minimo, ultima_actualizacion) OVERRIDING SYSTEM VALUE VALUES (115, 115, 10, 2, '2026-06-30 20:43:27.172');
INSERT INTO inventario (id, producto_id, stock, stock_minimo, ultima_actualizacion) OVERRIDING SYSTEM VALUE VALUES (116, 116, 10, 2, '2026-06-30 20:43:27.172');
INSERT INTO inventario (id, producto_id, stock, stock_minimo, ultima_actualizacion) OVERRIDING SYSTEM VALUE VALUES (117, 117, 10, 2, '2026-06-30 20:43:27.172');
INSERT INTO inventario (id, producto_id, stock, stock_minimo, ultima_actualizacion) OVERRIDING SYSTEM VALUE VALUES (118, 118, 10, 2, '2026-06-30 20:43:27.172');
INSERT INTO inventario (id, producto_id, stock, stock_minimo, ultima_actualizacion) OVERRIDING SYSTEM VALUE VALUES (119, 119, 10, 2, '2026-06-30 20:43:27.172');
INSERT INTO inventario (id, producto_id, stock, stock_minimo, ultima_actualizacion) OVERRIDING SYSTEM VALUE VALUES (120, 120, 10, 2, '2026-06-30 20:43:27.172');
INSERT INTO inventario (id, producto_id, stock, stock_minimo, ultima_actualizacion) OVERRIDING SYSTEM VALUE VALUES (121, 121, 10, 2, '2026-06-30 20:43:27.172');
INSERT INTO inventario (id, producto_id, stock, stock_minimo, ultima_actualizacion) OVERRIDING SYSTEM VALUE VALUES (122, 122, 10, 2, '2026-06-30 20:43:27.172');
INSERT INTO inventario (id, producto_id, stock, stock_minimo, ultima_actualizacion) OVERRIDING SYSTEM VALUE VALUES (123, 123, 10, 2, '2026-06-30 20:43:27.172');
INSERT INTO inventario (id, producto_id, stock, stock_minimo, ultima_actualizacion) OVERRIDING SYSTEM VALUE VALUES (124, 124, 10, 2, '2026-06-30 20:43:27.172');
INSERT INTO inventario (id, producto_id, stock, stock_minimo, ultima_actualizacion) OVERRIDING SYSTEM VALUE VALUES (125, 125, 5, 2, '2026-06-30 20:43:27.172');
INSERT INTO inventario (id, producto_id, stock, stock_minimo, ultima_actualizacion) OVERRIDING SYSTEM VALUE VALUES (126, 126, 10, 2, '2026-06-30 20:43:27.172');
INSERT INTO inventario (id, producto_id, stock, stock_minimo, ultima_actualizacion) OVERRIDING SYSTEM VALUE VALUES (127, 127, 10, 2, '2026-06-30 20:43:27.172');
INSERT INTO inventario (id, producto_id, stock, stock_minimo, ultima_actualizacion) OVERRIDING SYSTEM VALUE VALUES (128, 128, 10, 2, '2026-06-30 20:43:27.172');
INSERT INTO inventario (id, producto_id, stock, stock_minimo, ultima_actualizacion) OVERRIDING SYSTEM VALUE VALUES (129, 129, 10, 2, '2026-06-30 20:43:27.172');
INSERT INTO inventario (id, producto_id, stock, stock_minimo, ultima_actualizacion) OVERRIDING SYSTEM VALUE VALUES (130, 130, 10, 2, '2026-06-30 20:43:27.172');
INSERT INTO inventario (id, producto_id, stock, stock_minimo, ultima_actualizacion) OVERRIDING SYSTEM VALUE VALUES (131, 131, 10, 2, '2026-06-30 20:43:27.172');
INSERT INTO inventario (id, producto_id, stock, stock_minimo, ultima_actualizacion) OVERRIDING SYSTEM VALUE VALUES (132, 132, 10, 2, '2026-06-30 20:43:27.172');
INSERT INTO inventario (id, producto_id, stock, stock_minimo, ultima_actualizacion) OVERRIDING SYSTEM VALUE VALUES (133, 133, 10, 2, '2026-06-30 20:43:27.172');
INSERT INTO inventario (id, producto_id, stock, stock_minimo, ultima_actualizacion) OVERRIDING SYSTEM VALUE VALUES (134, 134, 10, 2, '2026-06-30 20:43:27.172');
INSERT INTO inventario (id, producto_id, stock, stock_minimo, ultima_actualizacion) OVERRIDING SYSTEM VALUE VALUES (135, 135, 10, 2, '2026-06-30 20:43:27.172');
INSERT INTO inventario (id, producto_id, stock, stock_minimo, ultima_actualizacion) OVERRIDING SYSTEM VALUE VALUES (136, 136, 10, 2, '2026-06-30 20:43:27.172');
INSERT INTO inventario (id, producto_id, stock, stock_minimo, ultima_actualizacion) OVERRIDING SYSTEM VALUE VALUES (137, 137, 10, 2, '2026-06-30 20:43:27.172');
INSERT INTO inventario (id, producto_id, stock, stock_minimo, ultima_actualizacion) OVERRIDING SYSTEM VALUE VALUES (138, 138, 5, 2, '2026-06-30 20:43:27.172');
INSERT INTO inventario (id, producto_id, stock, stock_minimo, ultima_actualizacion) OVERRIDING SYSTEM VALUE VALUES (139, 139, 10, 2, '2026-06-30 20:43:27.172');
INSERT INTO inventario (id, producto_id, stock, stock_minimo, ultima_actualizacion) OVERRIDING SYSTEM VALUE VALUES (140, 140, 10, 2, '2026-06-30 20:43:27.172');
INSERT INTO inventario (id, producto_id, stock, stock_minimo, ultima_actualizacion) OVERRIDING SYSTEM VALUE VALUES (141, 141, 10, 2, '2026-06-30 20:43:27.172');
INSERT INTO inventario (id, producto_id, stock, stock_minimo, ultima_actualizacion) OVERRIDING SYSTEM VALUE VALUES (142, 142, 10, 2, '2026-06-30 20:43:27.172');
INSERT INTO inventario (id, producto_id, stock, stock_minimo, ultima_actualizacion) OVERRIDING SYSTEM VALUE VALUES (143, 143, 10, 2, '2026-06-30 20:43:27.172');
INSERT INTO inventario (id, producto_id, stock, stock_minimo, ultima_actualizacion) OVERRIDING SYSTEM VALUE VALUES (144, 144, 5, 2, '2026-06-30 20:43:27.172');
INSERT INTO inventario (id, producto_id, stock, stock_minimo, ultima_actualizacion) OVERRIDING SYSTEM VALUE VALUES (145, 145, 10, 2, '2026-06-30 20:43:27.172');
INSERT INTO inventario (id, producto_id, stock, stock_minimo, ultima_actualizacion) OVERRIDING SYSTEM VALUE VALUES (146, 146, 10, 2, '2026-06-30 20:43:27.172');
INSERT INTO inventario (id, producto_id, stock, stock_minimo, ultima_actualizacion) OVERRIDING SYSTEM VALUE VALUES (147, 147, 10, 2, '2026-06-30 20:43:27.172');
INSERT INTO inventario (id, producto_id, stock, stock_minimo, ultima_actualizacion) OVERRIDING SYSTEM VALUE VALUES (148, 148, 10, 2, '2026-06-30 20:43:27.172');
INSERT INTO inventario (id, producto_id, stock, stock_minimo, ultima_actualizacion) OVERRIDING SYSTEM VALUE VALUES (149, 149, 10, 2, '2026-06-30 20:43:27.172');
INSERT INTO inventario (id, producto_id, stock, stock_minimo, ultima_actualizacion) OVERRIDING SYSTEM VALUE VALUES (150, 150, 10, 2, '2026-06-30 20:43:27.172');
INSERT INTO inventario (id, producto_id, stock, stock_minimo, ultima_actualizacion) OVERRIDING SYSTEM VALUE VALUES (151, 151, 10, 2, '2026-06-30 20:43:27.172');
INSERT INTO inventario (id, producto_id, stock, stock_minimo, ultima_actualizacion) OVERRIDING SYSTEM VALUE VALUES (152, 152, 10, 2, '2026-06-30 20:43:27.172');
INSERT INTO inventario (id, producto_id, stock, stock_minimo, ultima_actualizacion) OVERRIDING SYSTEM VALUE VALUES (153, 153, 10, 2, '2026-06-30 20:43:27.172');
INSERT INTO inventario (id, producto_id, stock, stock_minimo, ultima_actualizacion) OVERRIDING SYSTEM VALUE VALUES (154, 154, 10, 2, '2026-06-30 20:43:27.172');
INSERT INTO inventario (id, producto_id, stock, stock_minimo, ultima_actualizacion) OVERRIDING SYSTEM VALUE VALUES (155, 155, 10, 2, '2026-06-30 20:43:27.172');
INSERT INTO inventario (id, producto_id, stock, stock_minimo, ultima_actualizacion) OVERRIDING SYSTEM VALUE VALUES (156, 156, 10, 2, '2026-06-30 20:43:27.172');
INSERT INTO inventario (id, producto_id, stock, stock_minimo, ultima_actualizacion) OVERRIDING SYSTEM VALUE VALUES (157, 157, 10, 2, '2026-06-30 20:43:27.172');
INSERT INTO inventario (id, producto_id, stock, stock_minimo, ultima_actualizacion) OVERRIDING SYSTEM VALUE VALUES (158, 158, 5, 2, '2026-06-30 20:43:27.172');
INSERT INTO inventario (id, producto_id, stock, stock_minimo, ultima_actualizacion) OVERRIDING SYSTEM VALUE VALUES (159, 159, 3, 2, '2026-06-30 20:43:27.172');
INSERT INTO inventario (id, producto_id, stock, stock_minimo, ultima_actualizacion) OVERRIDING SYSTEM VALUE VALUES (160, 160, 5, 2, '2026-06-30 20:43:27.172');
INSERT INTO inventario (id, producto_id, stock, stock_minimo, ultima_actualizacion) OVERRIDING SYSTEM VALUE VALUES (161, 161, 10, 2, '2026-06-30 20:43:27.172');
INSERT INTO inventario (id, producto_id, stock, stock_minimo, ultima_actualizacion) OVERRIDING SYSTEM VALUE VALUES (162, 162, 10, 2, '2026-06-30 20:43:27.172');
INSERT INTO inventario (id, producto_id, stock, stock_minimo, ultima_actualizacion) OVERRIDING SYSTEM VALUE VALUES (163, 163, 10, 2, '2026-06-30 20:43:27.172');
INSERT INTO inventario (id, producto_id, stock, stock_minimo, ultima_actualizacion) OVERRIDING SYSTEM VALUE VALUES (164, 164, 10, 2, '2026-06-30 20:43:27.172');
INSERT INTO inventario (id, producto_id, stock, stock_minimo, ultima_actualizacion) OVERRIDING SYSTEM VALUE VALUES (165, 165, 10, 2, '2026-06-30 20:43:27.172');
INSERT INTO inventario (id, producto_id, stock, stock_minimo, ultima_actualizacion) OVERRIDING SYSTEM VALUE VALUES (166, 166, 3, 2, '2026-06-30 20:43:27.172');
INSERT INTO inventario (id, producto_id, stock, stock_minimo, ultima_actualizacion) OVERRIDING SYSTEM VALUE VALUES (167, 167, 10, 2, '2026-06-30 20:43:27.172');
INSERT INTO inventario (id, producto_id, stock, stock_minimo, ultima_actualizacion) OVERRIDING SYSTEM VALUE VALUES (168, 168, 10, 2, '2026-06-30 20:43:27.172');
INSERT INTO inventario (id, producto_id, stock, stock_minimo, ultima_actualizacion) OVERRIDING SYSTEM VALUE VALUES (169, 169, 10, 2, '2026-06-30 20:43:27.172');
INSERT INTO inventario (id, producto_id, stock, stock_minimo, ultima_actualizacion) OVERRIDING SYSTEM VALUE VALUES (170, 170, 10, 2, '2026-06-30 20:43:27.172');
INSERT INTO inventario (id, producto_id, stock, stock_minimo, ultima_actualizacion) OVERRIDING SYSTEM VALUE VALUES (171, 171, 10, 2, '2026-06-30 20:43:27.172');
INSERT INTO inventario (id, producto_id, stock, stock_minimo, ultima_actualizacion) OVERRIDING SYSTEM VALUE VALUES (172, 172, 10, 2, '2026-06-30 20:43:27.172');
INSERT INTO inventario (id, producto_id, stock, stock_minimo, ultima_actualizacion) OVERRIDING SYSTEM VALUE VALUES (173, 173, 10, 2, '2026-06-30 20:43:27.172');
INSERT INTO inventario (id, producto_id, stock, stock_minimo, ultima_actualizacion) OVERRIDING SYSTEM VALUE VALUES (174, 174, 10, 2, '2026-06-30 20:43:27.172');
INSERT INTO inventario (id, producto_id, stock, stock_minimo, ultima_actualizacion) OVERRIDING SYSTEM VALUE VALUES (175, 175, 10, 2, '2026-06-30 20:43:27.172');
INSERT INTO inventario (id, producto_id, stock, stock_minimo, ultima_actualizacion) OVERRIDING SYSTEM VALUE VALUES (176, 176, 10, 2, '2026-06-30 20:43:27.172');
INSERT INTO inventario (id, producto_id, stock, stock_minimo, ultima_actualizacion) OVERRIDING SYSTEM VALUE VALUES (177, 177, 10, 2, '2026-06-30 20:43:27.172');
INSERT INTO inventario (id, producto_id, stock, stock_minimo, ultima_actualizacion) OVERRIDING SYSTEM VALUE VALUES (178, 178, 10, 2, '2026-06-30 20:43:27.172');
INSERT INTO inventario (id, producto_id, stock, stock_minimo, ultima_actualizacion) OVERRIDING SYSTEM VALUE VALUES (179, 179, 10, 2, '2026-06-30 20:43:27.172');
INSERT INTO inventario (id, producto_id, stock, stock_minimo, ultima_actualizacion) OVERRIDING SYSTEM VALUE VALUES (180, 180, 10, 2, '2026-06-30 20:43:27.172');
INSERT INTO inventario (id, producto_id, stock, stock_minimo, ultima_actualizacion) OVERRIDING SYSTEM VALUE VALUES (181, 181, 10, 2, '2026-06-30 20:43:27.172');
INSERT INTO inventario (id, producto_id, stock, stock_minimo, ultima_actualizacion) OVERRIDING SYSTEM VALUE VALUES (182, 182, 10, 2, '2026-06-30 20:43:27.172');
INSERT INTO inventario (id, producto_id, stock, stock_minimo, ultima_actualizacion) OVERRIDING SYSTEM VALUE VALUES (183, 183, 10, 2, '2026-06-30 20:43:27.172');
INSERT INTO inventario (id, producto_id, stock, stock_minimo, ultima_actualizacion) OVERRIDING SYSTEM VALUE VALUES (184, 184, 10, 2, '2026-06-30 20:43:27.172');
INSERT INTO inventario (id, producto_id, stock, stock_minimo, ultima_actualizacion) OVERRIDING SYSTEM VALUE VALUES (185, 185, 5, 2, '2026-06-30 20:43:27.172');
INSERT INTO inventario (id, producto_id, stock, stock_minimo, ultima_actualizacion) OVERRIDING SYSTEM VALUE VALUES (186, 186, 10, 2, '2026-06-30 20:43:27.172');
INSERT INTO inventario (id, producto_id, stock, stock_minimo, ultima_actualizacion) OVERRIDING SYSTEM VALUE VALUES (187, 187, 10, 2, '2026-06-30 20:43:27.172');
INSERT INTO inventario (id, producto_id, stock, stock_minimo, ultima_actualizacion) OVERRIDING SYSTEM VALUE VALUES (188, 188, 10, 2, '2026-06-30 20:43:27.172');
-- ===== IMAGENES_PRODUCTO =====
INSERT INTO imagenes_producto (id, producto_id, url, es_principal, orden) OVERRIDING SYSTEM VALUE VALUES (1, 1, '/images/productos/empaque-motor.jpg', true, 0);
INSERT INTO imagenes_producto (id, producto_id, url, es_principal, orden) OVERRIDING SYSTEM VALUE VALUES (2, 2, '/images/productos/empaque-culata.jpg', true, 0);
INSERT INTO imagenes_producto (id, producto_id, url, es_principal, orden) OVERRIDING SYSTEM VALUE VALUES (3, 3, '/images/productos/pistones.jpg', true, 0);
INSERT INTO imagenes_producto (id, producto_id, url, es_principal, orden) OVERRIDING SYSTEM VALUE VALUES (4, 4, '/images/productos/anillos.jpg', true, 0);
INSERT INTO imagenes_producto (id, producto_id, url, es_principal, orden) OVERRIDING SYSTEM VALUE VALUES (5, 5, '/images/productos/metal-biela.jpg', true, 0);
INSERT INTO imagenes_producto (id, producto_id, url, es_principal, orden) OVERRIDING SYSTEM VALUE VALUES (6, 6, '/images/productos/metal-bancada.jpg', true, 0);
INSERT INTO imagenes_producto (id, producto_id, url, es_principal, orden) OVERRIDING SYSTEM VALUE VALUES (7, 7, '/images/productos/amortiguador.jpg', true, 0);
INSERT INTO imagenes_producto (id, producto_id, url, es_principal, orden) OVERRIDING SYSTEM VALUE VALUES (8, 8, '/images/productos/pastillas-freno.jpg', true, 0);
INSERT INTO imagenes_producto (id, producto_id, url, es_principal, orden) OVERRIDING SYSTEM VALUE VALUES (9, 20, 'https://placehold.co/400x400/e8f4fd/0057A8?text=Aceite+5W30', true, 0);
INSERT INTO imagenes_producto (id, producto_id, url, es_principal, orden) OVERRIDING SYSTEM VALUE VALUES (10, 21, 'https://placehold.co/400x400/e8f4fd/0057A8?text=Aceite+ATF', true, 0);
INSERT INTO imagenes_producto (id, producto_id, url, es_principal, orden) OVERRIDING SYSTEM VALUE VALUES (11, 17, 'https://placehold.co/400x400/e8f4fd/0057A8?text=Alternador', true, 0);
INSERT INTO imagenes_producto (id, producto_id, url, es_principal, orden) OVERRIDING SYSTEM VALUE VALUES (12, 9, 'https://placehold.co/400x400/e8f4fd/0057A8?text=Amortiguador', true, 0);
INSERT INTO imagenes_producto (id, producto_id, url, es_principal, orden) OVERRIDING SYSTEM VALUE VALUES (13, 16, 'https://placehold.co/400x400/e8f4fd/0057A8?text=Barra+Estabilizadora', true, 0);
INSERT INTO imagenes_producto (id, producto_id, url, es_principal, orden) OVERRIDING SYSTEM VALUE VALUES (14, 18, 'https://placehold.co/400x400/e8f4fd/0057A8?text=Bateria', true, 0);
INSERT INTO imagenes_producto (id, producto_id, url, es_principal, orden) OVERRIDING SYSTEM VALUE VALUES (15, 13, 'https://placehold.co/400x400/e8f4fd/0057A8?text=Cilindro', true, 0);
INSERT INTO imagenes_producto (id, producto_id, url, es_principal, orden) OVERRIDING SYSTEM VALUE VALUES (16, 12, 'https://placehold.co/400x400/e8f4fd/0057A8?text=Disco+Freno', true, 0);
INSERT INTO imagenes_producto (id, producto_id, url, es_principal, orden) OVERRIDING SYSTEM VALUE VALUES (17, 23, 'https://placehold.co/400x400/e8f4fd/0057A8?text=Filtro+Aceite', true, 0);
INSERT INTO imagenes_producto (id, producto_id, url, es_principal, orden) OVERRIDING SYSTEM VALUE VALUES (18, 24, 'https://placehold.co/400x400/e8f4fd/0057A8?text=Filtro+Aire', true, 0);
INSERT INTO imagenes_producto (id, producto_id, url, es_principal, orden) OVERRIDING SYSTEM VALUE VALUES (19, 22, 'https://placehold.co/400x400/e8f4fd/0057A8?text=Grasa', true, 0);
INSERT INTO imagenes_producto (id, producto_id, url, es_principal, orden) OVERRIDING SYSTEM VALUE VALUES (20, 25, 'https://placehold.co/400x400/e8f4fd/0057A8?text=Kit+Afinamiento', true, 0);
INSERT INTO imagenes_producto (id, producto_id, url, es_principal, orden) OVERRIDING SYSTEM VALUE VALUES (21, 14, 'https://placehold.co/400x400/e8f4fd/0057A8?text=Liquido+Frenos', true, 0);
INSERT INTO imagenes_producto (id, producto_id, url, es_principal, orden) OVERRIDING SYSTEM VALUE VALUES (22, 11, 'https://placehold.co/400x400/e8f4fd/0057A8?text=Muelle', true, 0);
INSERT INTO imagenes_producto (id, producto_id, url, es_principal, orden) OVERRIDING SYSTEM VALUE VALUES (23, 10, 'https://placehold.co/400x400/e8f4fd/0057A8?text=Rotula', true, 0);
INSERT INTO imagenes_producto (id, producto_id, url, es_principal, orden) OVERRIDING SYSTEM VALUE VALUES (24, 19, 'https://placehold.co/400x400/e8f4fd/0057A8?text=Sensor+Oxigeno', true, 0);
INSERT INTO imagenes_producto (id, producto_id, url, es_principal, orden) OVERRIDING SYSTEM VALUE VALUES (25, 15, 'https://placehold.co/400x400/e8f4fd/0057A8?text=Terminal', true, 0);
INSERT INTO imagenes_producto (id, producto_id, url, es_principal, orden) OVERRIDING SYSTEM VALUE VALUES (26, 26, 'https://example.com/test.jpg', false, 0);
-- ===== COMPATIBILIDADES =====
INSERT INTO compatibilidades (id, producto_id, motor_id, observacion) OVERRIDING SYSTEM VALUE VALUES (1, 1, 1, NULL);
INSERT INTO compatibilidades (id, producto_id, motor_id, observacion) OVERRIDING SYSTEM VALUE VALUES (2, 2, 3, NULL);
INSERT INTO compatibilidades (id, producto_id, motor_id, observacion) OVERRIDING SYSTEM VALUE VALUES (3, 3, 1, NULL);
INSERT INTO compatibilidades (id, producto_id, motor_id, observacion) OVERRIDING SYSTEM VALUE VALUES (4, 4, 1, NULL);
INSERT INTO compatibilidades (id, producto_id, motor_id, observacion) OVERRIDING SYSTEM VALUE VALUES (5, 5, 1, NULL);
INSERT INTO compatibilidades (id, producto_id, motor_id, observacion) OVERRIDING SYSTEM VALUE VALUES (6, 6, 1, NULL);
INSERT INTO compatibilidades (id, producto_id, motor_id, observacion) OVERRIDING SYSTEM VALUE VALUES (7, 7, 1, NULL);
INSERT INTO compatibilidades (id, producto_id, motor_id, observacion) OVERRIDING SYSTEM VALUE VALUES (8, 7, 2, NULL);
INSERT INTO compatibilidades (id, producto_id, motor_id, observacion) OVERRIDING SYSTEM VALUE VALUES (9, 8, 1, NULL);
INSERT INTO compatibilidades (id, producto_id, motor_id, observacion) OVERRIDING SYSTEM VALUE VALUES (10, 8, 2, NULL);

-- ============================================================
-- Reiniciar las secuencias de autoincremento para que los
-- proximos INSERT generados por la aplicacion continuen
-- despues del maximo id importado (evita choques de llave)
-- ============================================================
SELECT setval(pg_get_serial_sequence('marcas','id'), (SELECT COALESCE(MAX(id),1) FROM marcas));
SELECT setval(pg_get_serial_sequence('modelos','id'), (SELECT COALESCE(MAX(id),1) FROM modelos));
SELECT setval(pg_get_serial_sequence('generaciones','id'), (SELECT COALESCE(MAX(id),1) FROM generaciones));
SELECT setval(pg_get_serial_sequence('motores','id'), (SELECT COALESCE(MAX(id),1) FROM motores));
SELECT setval(pg_get_serial_sequence('categorias','id'), (SELECT COALESCE(MAX(id),1) FROM categorias));
SELECT setval(pg_get_serial_sequence('productos','id'), (SELECT COALESCE(MAX(id),1) FROM productos));
SELECT setval(pg_get_serial_sequence('inventario','id'), (SELECT COALESCE(MAX(id),1) FROM inventario));
SELECT setval(pg_get_serial_sequence('imagenes_producto','id'), (SELECT COALESCE(MAX(id),1) FROM imagenes_producto));
SELECT setval(pg_get_serial_sequence('compatibilidades','id'), (SELECT COALESCE(MAX(id),1) FROM compatibilidades));

SELECT 'Datos reales migrados correctamente.' AS resultado;
